smiles,protein_seq,predicted_kiba,tox_mean,tox_flags,drug_likeness_score
O=C1C=C(O)C(=O)C(c2c[nH]c3cc(Cl)ccc23)=C1O,MVNENTRMYIPEENHQGSNYGSPRPAHANMNANAAAGLAPEHIPTPGAALSWQAAIDAARQAKLMGSAGNATISTVSSTQRKRQQYGKPKKQGSTTATRPPRALLCLTLKNPIRRACISIVEWKPFEIIILLTIFANCVALAIYIPFPEDDSNATNSNLERVEYLFLIIFTVEAFLKVIAYGLLFHPNAYLRNGWNLLDFIIVVVGLFSAILEQATKADGANALGGKGAGFDVKALRAFRVLRPLRLVSGVPSLQVVLNSIIKAMVPLLHIALLVLFVIIIYAIIGLELFMGKMHKTCYNQEGIADVPAEDDPSPCALETGHGRQCQNGTVCKPGWDGPKHGITNFDNFAFAMLTVFQCITMEGWTDVLYWVNDAVGRDWPWIYFVTLIIIGSFFVLNLVLGVLSGEFSKEREKAKARGDFQKLREKQQLEEDLKGYLDWITQAEDIDPENEDEGMDEEKPRNMSMPTSETESVNTENVAGGDIEGENCGARLAHRISKSKFSRYWRRWNRFCRRKCRAAVKSNVFYWLVIFLVFLNTLTIASEHYNQPNWLTEVQDTANKALLALFTAEMLLKMYSLGLQAYFVSLFNRFDCFVVCGGILETILVETKIMSPLGISVLRCVRLLRIFKITRYWNSLSNLVASLLNSVRSIASLLLLLFLFIIIFSLLGMQLFGGKFNFDEMQTRRSTFDNFPQSLLTVFQILTGEDWNSVMYDGIMAYGGPSFPGMLVCIYFIILFICGNYILLNVFLAIAVDNLADAESLTSAQKEEEEEKERKKLARTASPEKKQELVEKPAVGESKEEKIELKSITADGESPPATKINMDDLQPNENEDKSPYPNPETTGEEDEEEPEMPVGPRPRPLSELHLKEKAVPMPEASAFFIFSSNNRFRLQCHRIVNDTIFTNLILFFILLSSISLAAEDPVQHTSFRNHILFYFDIVFTTIFTIEIALKILGNADYVFTSIFTLEIILKMTAYGAFLHKGSFCRNYFNILDLLVVSVSLISFGIQSSAINVVKILRVLRVLRPLRAINRAKGLKHVVQCVFVAIRTIGNIVIVTTLLQFMFACIGVQLFKGKLYTCSDSSKQTEAECKGNYITYKDGEVDHPIIQPRSWENSKFDFDNVLAAMMALFTVSTFEGWPELLYRSIDSHTEDKGPIYNYRVEISIFFIIYIIIIAFFMMNIFVGFVIVTFQEQGEQEYKNCELDKNQRQCVEYALKARPLRRYIPKNQHQYKVWYVVNSTYFEYLMFVLILLNTICLAMQHYGQSCLFKIAMNILNMLFTGLFTVEMILKLIAFKPKGYFSDPWNVFDFLIVIGSIIDVILSETNHYFCDAWNTFDALIVVGSIVDIAITEVNPAEHTQCSPSMNAEENSRISITFFRLFRVMRLVKLLSRGEGIRTLLWTFIKSFQALPYVALLIVMLFFIYAVIGMQVFGKIALNDTTEINRNNNFQTFPQAVLLLFRCATGEAWQDIMLACMPGKKCAPESEPSNSTEGETPCGSSFAVFYFISFYMLCAFLIINLFVAVIMDNFDYLTRDWSILGPHHLDEFKRIWAEYDPEAKGRIKHLDVVTLLRRIQPPLGFGKLCPHRVACKRLVSMNMPLNSDGTVMFNATLFALVRTALRIKTEGNLEQANEELRAIIKKIWKRTSMKLLDQVVPPAGDDEVTVGKFYATFLIQEYFRKFKKRKEQGLVGKPSQRNALSLQAGLRTLHDIGPEIRRAISGDLTAEEELDKAMKEAVSAASEDDIFRRAGGLFGNHVSYYQSDGRSAFPQTFTTQRPLHINKAGSSQGDTESPSHEKLVDSTFTPSSYSSTGSNANINNANNTALGRLPRPAGYPSTVSTVEGHGPPLSPAIRVQEVAWKLSSNRERHVPMCEDLELRRDSGSAGTQAHCLLLRKANPSRCHSRESQAAMAGQEETSQDETYEVKMNHDTEACSEPSLLSTEMLSYQDDENRQLTLPEEDKRDIRQSPKRGFLRSASLGRRASFHLECLKRQKDRGGDISQKTVLPLHLVHHQALAVAGLSPLLQRSHSPASFPRPFATPPATPGSRGWPPQPVPTLRLEGVESSEKLNSSFPSIHCGSWAETTPGGGGSSAARRVRPVSLMVPSQAGAPGRQFHGSASSLVEAVLISEGLGQFAQDPKFIEVTTQELADACDMTIEEMESAADNILSGGAPQSPNGALLPFVNCRDAGQDRAGGEEDAGCVRARGRPSEEELQDSRVYVSSL,15.191192626953123,0.15,0,1.0
O=C1C=C(O)C(=O)C(c2c[nH]c3cc(Cl)ccc23)=C1O,MESLVLGVNEKTHVQLSLPVLQVRDVLVRGFGDSVEEALSEAREHLKNGTCGLVELEKGVLPQLEQPYVFIKRSDALSTNHGHKVVELVAEMDGIQYGRSGITLGVLVPHVGETPIAYRNVLLRKNGNKGAGGHSYGIDLKSYDLGDELGTDPIEDYEQNWNTKHGSGALRELTRELNGGAVTRYVDNNFCGPDGYPLDCIKDFLARAGKSMCTLSEQLDYIESKRGVYCCRDHEHEIAWFTERSDKSYEHQTPFEIKSAKKFDTFKGECPKFVFPLNSKVKVIQPRVEKKKTEGFMGRIRSVYPVASPQECNNMHLSTLMKCNHCDEVSWQTCDFLKATCEHCGTENLVIEGPTTCGYLPTNAVVKMPCPACQDPEIGPEHSVADYHNHSNIETRLRKGGRTRCFGGCVFAYVGCYNKRAYWVPRASADIGSGHTGITGDNVETLNEDLLEILSRERVNINIVGDFHLNEEVAIILASFSASTSAFIDTIKSLDYKSFKTIVESCGNYKVTKGKPVKGAWNIGQQRSVLTPLCGFPSQAAGVIRSIFARTLDAANHSIPDLQRAAVTILDGISEQSLRLVDAMVYTSDLLTNSVIIMAYVTGGLVQQTSQWLSNLLGTTVEKLRPIFEWIEAKLSAGVEFLKDAWEILKFLITGVFDIVKGQIQVASDNIKDCVKCFIDVVNKALEMCIDQVTIAGAKLRSLNLGEVFIAQSKGLYRQCIRGKEQLQLLMPLKAPKEVTFLEGDSHDTVLTSEEVVLKNGELEALETPVDSFTNGAIVGTPVCVNGLMLLEIKDKEQYCALSPGLLATNNVFRLKGGAPIKGVTFGEDTVWEVQGYKNVRITFELDERVDKVLNEKCSVYTVESGTEVTEFACVVAEAVVKTLQPVSDLLTNMGIDLDEWSVATFYLFDDAGEENFSSRMYCSFYPPDEEEEDDAECEEEEIDETCEHEYGTEDDYQGLPLEFGASAETVRVEEEEEEDWLDDTTEQSEIEPEPEPTPEEPVNQFTGYLKLTDNVAIKCVDIVKEAQSANPMVIVNAANIHLKHGGGVAGALNKATNGAMQKESDDYIKLNGPLTVGGSCLLSGHNLAKKCLHVVGPNLNAGEDIQLLKAAYENFNSQDILLAPLLSAGIFGAKPLQSLQVCVQTVRTQVYIAVNDKALYEQVVMDYLDNLKPRVEAPKQEEPPNTEDSKTEEKSVVQKPVDVKPKIKACIDEVTTTLEETKFLTNKLLLFADINGKLYHDSQNMLRGEDMSFLEKDAPYMVGDVITSGDITCVVIPSKKAGGTTEMLSRALKKVPVDEYITTYPGQGCAGYTLEEAKTALKKCKSAFYVLPSEAPNAKEEILGTVSWNLREMLAHAEETRKLMPICMDVRAIMATIQRKYKGIKIQEGIVDYGVRFFFYTSKEPVASIITKLNSLNEPLVTMPIGYVTHGFNLEEAARCMRSLKAPAVVSVSSPDAVTTYNGYLTSSSKTSEEHFVETVSLAGSYRDWSYSGQRTELGVEFLKRGDKIVYHTLESPVEFHLDGEVLSLDKLKSLLSLREVKTIKVFTTVDNTNLHTQLVDMSMTYGQQFGPTYLDGADVTKIKPHVNHEGKTFFVLPSDDTLRSEAFEYYHTLDESFLGRYMSALNHTKKWKFPQVGGLTSIKWADNNCYLSSVLLALQQLEVKFNAPALQEAYYRARAGDAANFCALILAYSNKTVGELGDVRETMTHLLQHANLESAKRVLNVVCKHCGQKTTTLTGVEAVMYMGTLSYDNLKTGVSIPCVCGRDATQYLVQQESSFVMMSAPPAEYKLQQGTFLCANEYTGNYQCGHYTHITAKETLYRIDGAHLTKMSEYKGPVTDVFYKETSYTTTIKPVSYKLDGVTYTEIEPKLDGYYKKDNAYYTEQPIDLVPTQPLPNASFDNFKLTCSNTKFADDLNQMTGFTKPASRELSVTFFPDLNGDVVAIDYRHYSASFKKGAKLLHKPIVWHINQATTKTTFKPNTWCLRCLWSTKPVDTSNSFEVLAVEDTQGMDNLACESQQPTSEEVVENPTIQKEVIECDVKTTEVVGNVILKPSDEGVKVTQELGHEDLMAAYVENTSITIKKPNELSLALGLKTIATHGIAAINSVPWSKILAYVKPFLGQAAITTSNCAKRLAQRVFNNYMPYVFTLLFQLCTFTKSTNSRIRASLPTTIAKNSVKSVAKLCLDAGINYVKSPKFSKLFTIAMWLLLLSICLGSLICVTAAFGVLLSNFGAPSYCNGVRELYLNSSNVTTMDFCEGSFPCSICLSGLDSLDSYPALETIQVTISSYKLDLTILGLAAEWVLAYMLFTKFFYLLGLSAIMQVFFGYFASHFISNSWLMWFIISIVQMAPVSAMVRMYIFFASFYYIWKSYVHIMDGCTSSTCMMCYKRNRATRVECTTIVNGMKRSFYVYANGGRGFCKTHNWNCLNCDTFCTGSTFISDEVARDLSLQFKRPINPTDQSSYIVDSVAVKNGALHLYFDKAGQKTYERHPLSHFVNLDNLRANNTKGSLPINVIVFDGKSKCDESASKSASVYYSQLMCQPILLLDQALVSDVGDSTEVSVKMFDAYVDTFSATFSVPMEKLKALVATAHSELAKGVALDGVLSTFVSAARQGVVDTDVDTKDVIECLKLSHHSDLEVTGDSCNNFMLTYNKVENMTPRDLGACIDCNARHINAQVAKSHNVSLIWNVKDYMSLSEQLRKQIRSAAKKNNIPFRLTCATTRQVVNVITTKISLKGGKIVSTCFKLMLKATLLCVLAALVCYIVMPVHTLSIHDGYTNEIIGYKAIQDGVTRDIISTDDCFANKHAGFDAWFSQRGGSYKNDKSCPVVAAIITREIGFIVPGLPGTVLRAINGDFLHFLPRVFSAVGNICYTPSKLIEYSDFATSACVLAAECTIFKDAMGKPVPYCYDTNLLEGSISYSELRPDTRYVLMDGSIIQFPNTYLEGSVRVVTTFDAEYCRHGTCERSEVGICLSTSGRWVLNNEHYRALSGVFCGVDAMNLIANIFTPLVQPVGALDVSASVVAGGIIAILVTCAAYYFMKFRRVFGEYNHVVAANALLFLMSFTILCLVPAYSFLPGVYSVFYLYLTFYFTNDVSFLAHLQWFAMFSPIVPFWITAIYVFCISLKHCHWFFNNYLRKRVMFNGVTFSTFEEAALCTFLLNKEMYLKLRSETLLPLTQYNRYLALYNKYKYFSGALDTTSYREAACCHLAKALNDFSNSGADVLYQPPQTSITSAVLQSGFRKMAFPSGKVEGCMVQVTCGTTTLNGLWLDDTVYCPRHVICTAEDMLNPNYEDLLIRKSNHSFLVQAGNVQLRVIGHSMQNCLLRLKVDTSNPKTPKYKFVRIQPGQTFSVLACYNGSPSGVYQCAMRPNHTIKGSFLNGSCGSVGFNIDYDCVSFCYMHHMELPTGVHAGTDLEGKFYGPFVDRQTAQAAGTDTTITLNVLAWLYAAVINGDRWFLNRFTTTLNDFNLVAMKYNYEPLTQDHVDILGPLSAQTGIAVLDMCAALKELLQNGMNGRTILGSTILEDEFTPFDVVRQCSGVTFQGKFKKIVKGTHHWMLLTFLTSLLILVQSTQWSLFFFVYENAFLPFTLGIMAIAACAMLLVKHKHAFLCLFLLPSLATVAYFNMVYMPASWVMRIMTWLELADTSLSGYRLKDCVMYASALVLLILMTARTVYDDAARRVWTLMNVITLVYKVYYGNALDQAISMWALVISVTSNYSGVVTTIMFLARAIVFVCVEYYPLLFITGNTLQCIMLVYCFLGYCCCCYFGLFCLLNRYFRLTLGVYDYLVSTQEFRYMNSQGLLPPKSSIDAFKLNIKLLGIGGKPCIKVATVQSKMSDVKCTSVVLLSVLQQLRVESSSKLWAQCVQLHNDILLAKDTTEAFEKMVSLLSVLLSMQGAVDINRLCEEMLDNRATLQAIASEFSSLPSYAAYATAQEAYEQAVANGDSEVVLKKLKKSLNVAKSEFDRDAAMQRKLEKMADQAMTQMYKQARSEDKRAKVTSAMQTMLFTMLRKLDNDALNNIINNARDGCVPLNIIPLTTAAKLMVVVPDYGTYKNTCDGNTFTYASALWEIQQVVDADSKIVQLSEINMDNSPNLAWPLIVTALRANSAVKLQNNELSPVALRQMSCAAGTTQTACTDDNALAYYNNSKGGRFVLALLSDHQDLKWARFPKSDGTGTIYTELEPPCRFVTDTPKGPKVKYLYFIKGLNNLNRGMVLGSLAATVRLQAGNATEVPANSTVLSFCAFAVDPAKAYKDYLASGGQPITNCVKMLCTHTGTGQAITVTPEANMDQESFGGASCCLYCRCHIDHPNPKGFCDLKGKYVQIPTTCANDPVGFTLRNTVCTVCGMWKGYGCSCDQLREPLMQSADASTFLNRVCGVSAARLTPCGTGTSTDVVYRAFDIYNEKVAGFAKFLKTNCCRFQEKDEEGNLLDSYFVVKRHTMSNYQHEETIYNLVKDCPAVAVHDFFKFRVDGDMVPHISRQRLTKYTMADLVYALRHFDEGNCDTLKEILVTYNCCDDDYFNKKDWYDFVENPDILRVYANLGERVRQSLLKTVQFCDAMRDAGIVGVLTLDNQDLNGNWYDFGDFVQVAPGCGVPIVDSYYSLLMPILTLTRALAAESHMDADLAKPLIKWDLLKYDFTEERLCLFDRYFKYWDQTYHPNCINCLDDRCILHCANFNVLFSTVFPPTSFGPLVRKIFVDGVPFVVSTGYHFRELGVVHNQDVNLHSSRLSFKELLVYAADPAMHAASGNLLLDKRTTCFSVAALTNNVAFQTVKPGNFNKDFYDFAVSKGFFKEGSSVELKHFFFAQDGNAAISDYDYYRYNLPTMCDIRQLLFVVEVVDKYFDCYDGGCINANQVIVNNLDKSAGFPFNKWGKARLYYDSMSYEDQDALFAYTKRNVIPTITQMNLKYAISAKNRARTVAGVSICSTMTNRQFHQKLLKSIAATRGATVVIGTSKFYGGWHNMLKTVYSDVETPHLMGWDYPKCDRAMPNMLRIMASLVLARKHNTCCNLSHRFYRLANECAQVLSEMVMCGGSLYVKPGGTSSGDATTAYANSVFNICQAVTANVNALLSTDGNKIADKYVRNLQHRLYECLYRNRDVDHEFVDEFYAYLRKHFSMMILSDDAVVCYNSNYAAQGLVASIKNFKAVLYYQNNVFMSEAKCWTETDLTKGPHEFCSQHTMLVKQGDDYVYLPYPDPSRILGAGCFVDDIVKTDGTLMIERFVSLAIDAYPLTKHPNQEYADVFHLYLQYIRKLHDELTGHMLDMYSVMLTNDNTSRYWEPEFYEAMYTPHTVLQAVGACVLCNSQTSLRCGACIRRPFLCCKCCYDHVISTSHKLVLSVNPYVCNAPGCDVTDVTQLYLGGMSYYCKSHKPPISFPLCANGQVFGLYKNTCVGSDNVTDFNAIATCDWTNAGDYILANTCTERLKLFAAETLKATEETFKLSYGIATVREVLSDRELHLSWEVGKPRPPLNRNYVFTGYRVTKNSKVQIGEYTFEKGDYGDAVVYRGTTTYKLNVGDYFVLTSHTVMPLSAPTLVPQEHYVRITGLYPTLNISDEFSSNVANYQKVGMQKYSTLQGPPGTGKSHFAIGLALYYPSARIVYTACSHAAVDALCEKALKYLPIDKCSRIIPARARVECFDKFKVNSTLEQYVFCTVNALPETTADIVVFDEISMATNYDLSVVNARLRAKHYVYIGDPAQLPAPRTLLTKGTLEPEYFNSVCRLMKTIGPDMFLGTCRRCPAEIVDTVSALVYDNKLKAHKDKSAQCFKMFYKGVITHDVSSAINRPQIGVVREFLTRNPAWRKAVFISPYNSQNAVASKILGLPTQTVDSSQGSEYDYVIFTQTTETAHSCNVNRFNVAITRAKIGILCIMSDRDLYDKLQFTSLEIPRRNVATLQAENVTGLFKDCSKIITGLHPTQAPTHLSVDIKFKTEGLCVDIPGIPKDMTYRRLISMMGFKMNYQVNGYPNMFITREEAIRHVRAWIGFDVEGCHATRDAVGTNLPLQLGFSTGVNLVAVPTGYVDTENNTEFTRVNAKPPPGDQFKHLIPLMYKGLPWNVVRIKIVQMLSDTLKGLSDRVVFVLWAHGFELTSMKYFVKIGPERTCCLCDKRATCFSTSSDTYACWNHSVGFDYVYNPFMIDVQQWGFTGNLQSNHDQHCQVHGNAHVASCDAIMTRCLAVHECFVKRVDWSVEYPIIGDELRVNSACRKVQHMVVKSALLADKFPVLHDIGNPKAIKCVPQAEVEWKFYDAQPCSDKAYKIEELFYSYATHHDKFTDGVCLFWNCNVDRYPANAIVCRFDTRVLSNLNLPGCDGGSLYVNKHAFHTPAFDKSAFTNLKQLPFFYYSDSPCESHGKQVVSDIDYVPLKSATCITRCNLGGAVCRHHANEYRQYLDAYNMMISAGFSLWIYKQFDTYNLWNTFTRLQSLENVAYNVVNKGHFDGHAGEAPVSIINNAVYTKVDGIDVEIFENKTTLPVNVAFELWAKRNIKPVPEIKILNNLGVDIAANTVIWDYKREAPAHVSTIGVCTMTDIAKKPTESACSSLTVLFDGRVEGQVDLFRNARNGVLITEGSVKGLTPSKGPAQASVNGVTLIGESVKTQFNYFKKVDGIIQQLPETYFTQSRDLEDFKPRSQMETDFLELAMDEFIQRYKLEGYAFEHIVYGDFSHGQLGGLHLMIGLAKRSQDSPLKLEDFIPMDSTVKNYFITDAQTGSSKCVCSVIDLLLDDFVEIIKSQDLSVISKVVKVTIDYAEISFMLWCKDGHVETFYPKLQASQAWQPGVAMPNLYKMQRMLLEKCDLQNYGENAVIPKGIMMNVAKYTQLCQYLNTLTLAVPYNMRVIHFGAGSDKGVAPGTAVLRQWLPTGTLLVDSDLNDFVSDADSTLIGDCATVHTANKWDLIISDMYDPRTKHVTKENDSKEGFFTYLCGFIKQKLALGGSIAVKITEHSWNADLYKLMGHFSWWTAFVTNVNASSSEAFLIGANYLGKPKEQIDGYTMHANYIFWRNTNPIQLSSYSLFDMSKFPLKLRGTAVMSLKENQINDMIYSLLEKGRLIIRENNRVVVSSDILVNN,15.099554061889648,0.15,0,1.0
O=C1C=C(O)C(=O)C(c2c(C3CC3)[nH]c3ccccc23)=C1O,MVNENTRMYIPEENHQGSNYGSPRPAHANMNANAAAGLAPEHIPTPGAALSWQAAIDAARQAKLMGSAGNATISTVSSTQRKRQQYGKPKKQGSTTATRPPRALLCLTLKNPIRRACISIVEWKPFEIIILLTIFANCVALAIYIPFPEDDSNATNSNLERVEYLFLIIFTVEAFLKVIAYGLLFHPNAYLRNGWNLLDFIIVVVGLFSAILEQATKADGANALGGKGAGFDVKALRAFRVLRPLRLVSGVPSLQVVLNSIIKAMVPLLHIALLVLFVIIIYAIIGLELFMGKMHKTCYNQEGIADVPAEDDPSPCALETGHGRQCQNGTVCKPGWDGPKHGITNFDNFAFAMLTVFQCITMEGWTDVLYWVNDAVGRDWPWIYFVTLIIIGSFFVLNLVLGVLSGEFSKEREKAKARGDFQKLREKQQLEEDLKGYLDWITQAEDIDPENEDEGMDEEKPRNMSMPTSETESVNTENVAGGDIEGENCGARLAHRISKSKFSRYWRRWNRFCRRKCRAAVKSNVFYWLVIFLVFLNTLTIASEHYNQPNWLTEVQDTANKALLALFTAEMLLKMYSLGLQAYFVSLFNRFDCFVVCGGILETILVETKIMSPLGISVLRCVRLLRIFKITRYWNSLSNLVASLLNSVRSIASLLLLLFLFIIIFSLLGMQLFGGKFNFDEMQTRRSTFDNFPQSLLTVFQILTGEDWNSVMYDGIMAYGGPSFPGMLVCIYFIILFICGNYILLNVFLAIAVDNLADAESLTSAQKEEEEEKERKKLARTASPEKKQELVEKPAVGESKEEKIELKSITADGESPPATKINMDDLQPNENEDKSPYPNPETTGEEDEEEPEMPVGPRPRPLSELHLKEKAVPMPEASAFFIFSSNNRFRLQCHRIVNDTIFTNLILFFILLSSISLAAEDPVQHTSFRNHILFYFDIVFTTIFTIEIALKILGNADYVFTSIFTLEIILKMTAYGAFLHKGSFCRNYFNILDLLVVSVSLISFGIQSSAINVVKILRVLRVLRPLRAINRAKGLKHVVQCVFVAIRTIGNIVIVTTLLQFMFACIGVQLFKGKLYTCSDSSKQTEAECKGNYITYKDGEVDHPIIQPRSWENSKFDFDNVLAAMMALFTVSTFEGWPELLYRSIDSHTEDKGPIYNYRVEISIFFIIYIIIIAFFMMNIFVGFVIVTFQEQGEQEYKNCELDKNQRQCVEYALKARPLRRYIPKNQHQYKVWYVVNSTYFEYLMFVLILLNTICLAMQHYGQSCLFKIAMNILNMLFTGLFTVEMILKLIAFKPKGYFSDPWNVFDFLIVIGSIIDVILSETNHYFCDAWNTFDALIVVGSIVDIAITEVNPAEHTQCSPSMNAEENSRISITFFRLFRVMRLVKLLSRGEGIRTLLWTFIKSFQALPYVALLIVMLFFIYAVIGMQVFGKIALNDTTEINRNNNFQTFPQAVLLLFRCATGEAWQDIMLACMPGKKCAPESEPSNSTEGETPCGSSFAVFYFISFYMLCAFLIINLFVAVIMDNFDYLTRDWSILGPHHLDEFKRIWAEYDPEAKGRIKHLDVVTLLRRIQPPLGFGKLCPHRVACKRLVSMNMPLNSDGTVMFNATLFALVRTALRIKTEGNLEQANEELRAIIKKIWKRTSMKLLDQVVPPAGDDEVTVGKFYATFLIQEYFRKFKKRKEQGLVGKPSQRNALSLQAGLRTLHDIGPEIRRAISGDLTAEEELDKAMKEAVSAASEDDIFRRAGGLFGNHVSYYQSDGRSAFPQTFTTQRPLHINKAGSSQGDTESPSHEKLVDSTFTPSSYSSTGSNANINNANNTALGRLPRPAGYPSTVSTVEGHGPPLSPAIRVQEVAWKLSSNRERHVPMCEDLELRRDSGSAGTQAHCLLLRKANPSRCHSRESQAAMAGQEETSQDETYEVKMNHDTEACSEPSLLSTEMLSYQDDENRQLTLPEEDKRDIRQSPKRGFLRSASLGRRASFHLECLKRQKDRGGDISQKTVLPLHLVHHQALAVAGLSPLLQRSHSPASFPRPFATPPATPGSRGWPPQPVPTLRLEGVESSEKLNSSFPSIHCGSWAETTPGGGGSSAARRVRPVSLMVPSQAGAPGRQFHGSASSLVEAVLISEGLGQFAQDPKFIEVTTQELADACDMTIEEMESAADNILSGGAPQSPNGALLPFVNCRDAGQDRAGGEEDAGCVRARGRPSEEELQDSRVYVSSL,14.98850917816162,0.1316666666666666,0,0.9999999999999972
O=C1C=C(O)C(=O)C(c2c(C3CC3)[nH]c3ccccc23)=C1O,MESLVLGVNEKTHVQLSLPVLQVRDVLVRGFGDSVEEALSEAREHLKNGTCGLVELEKGVLPQLEQPYVFIKRSDALSTNHGHKVVELVAEMDGIQYGRSGITLGVLVPHVGETPIAYRNVLLRKNGNKGAGGHSYGIDLKSYDLGDELGTDPIEDYEQNWNTKHGSGALRELTRELNGGAVTRYVDNNFCGPDGYPLDCIKDFLARAGKSMCTLSEQLDYIESKRGVYCCRDHEHEIAWFTERSDKSYEHQTPFEIKSAKKFDTFKGECPKFVFPLNSKVKVIQPRVEKKKTEGFMGRIRSVYPVASPQECNNMHLSTLMKCNHCDEVSWQTCDFLKATCEHCGTENLVIEGPTTCGYLPTNAVVKMPCPACQDPEIGPEHSVADYHNHSNIETRLRKGGRTRCFGGCVFAYVGCYNKRAYWVPRASADIGSGHTGITGDNVETLNEDLLEILSRERVNINIVGDFHLNEEVAIILASFSASTSAFIDTIKSLDYKSFKTIVESCGNYKVTKGKPVKGAWNIGQQRSVLTPLCGFPSQAAGVIRSIFARTLDAANHSIPDLQRAAVTILDGISEQSLRLVDAMVYTSDLLTNSVIIMAYVTGGLVQQTSQWLSNLLGTTVEKLRPIFEWIEAKLSAGVEFLKDAWEILKFLITGVFDIVKGQIQVASDNIKDCVKCFIDVVNKALEMCIDQVTIAGAKLRSLNLGEVFIAQSKGLYRQCIRGKEQLQLLMPLKAPKEVTFLEGDSHDTVLTSEEVVLKNGELEALETPVDSFTNGAIVGTPVCVNGLMLLEIKDKEQYCALSPGLLATNNVFRLKGGAPIKGVTFGEDTVWEVQGYKNVRITFELDERVDKVLNEKCSVYTVESGTEVTEFACVVAEAVVKTLQPVSDLLTNMGIDLDEWSVATFYLFDDAGEENFSSRMYCSFYPPDEEEEDDAECEEEEIDETCEHEYGTEDDYQGLPLEFGASAETVRVEEEEEEDWLDDTTEQSEIEPEPEPTPEEPVNQFTGYLKLTDNVAIKCVDIVKEAQSANPMVIVNAANIHLKHGGGVAGALNKATNGAMQKESDDYIKLNGPLTVGGSCLLSGHNLAKKCLHVVGPNLNAGEDIQLLKAAYENFNSQDILLAPLLSAGIFGAKPLQSLQVCVQTVRTQVYIAVNDKALYEQVVMDYLDNLKPRVEAPKQEEPPNTEDSKTEEKSVVQKPVDVKPKIKACIDEVTTTLEETKFLTNKLLLFADINGKLYHDSQNMLRGEDMSFLEKDAPYMVGDVITSGDITCVVIPSKKAGGTTEMLSRALKKVPVDEYITTYPGQGCAGYTLEEAKTALKKCKSAFYVLPSEAPNAKEEILGTVSWNLREMLAHAEETRKLMPICMDVRAIMATIQRKYKGIKIQEGIVDYGVRFFFYTSKEPVASIITKLNSLNEPLVTMPIGYVTHGFNLEEAARCMRSLKAPAVVSVSSPDAVTTYNGYLTSSSKTSEEHFVETVSLAGSYRDWSYSGQRTELGVEFLKRGDKIVYHTLESPVEFHLDGEVLSLDKLKSLLSLREVKTIKVFTTVDNTNLHTQLVDMSMTYGQQFGPTYLDGADVTKIKPHVNHEGKTFFVLPSDDTLRSEAFEYYHTLDESFLGRYMSALNHTKKWKFPQVGGLTSIKWADNNCYLSSVLLALQQLEVKFNAPALQEAYYRARAGDAANFCALILAYSNKTVGELGDVRETMTHLLQHANLESAKRVLNVVCKHCGQKTTTLTGVEAVMYMGTLSYDNLKTGVSIPCVCGRDATQYLVQQESSFVMMSAPPAEYKLQQGTFLCANEYTGNYQCGHYTHITAKETLYRIDGAHLTKMSEYKGPVTDVFYKETSYTTTIKPVSYKLDGVTYTEIEPKLDGYYKKDNAYYTEQPIDLVPTQPLPNASFDNFKLTCSNTKFADDLNQMTGFTKPASRELSVTFFPDLNGDVVAIDYRHYSASFKKGAKLLHKPIVWHINQATTKTTFKPNTWCLRCLWSTKPVDTSNSFEVLAVEDTQGMDNLACESQQPTSEEVVENPTIQKEVIECDVKTTEVVGNVILKPSDEGVKVTQELGHEDLMAAYVENTSITIKKPNELSLALGLKTIATHGIAAINSVPWSKILAYVKPFLGQAAITTSNCAKRLAQRVFNNYMPYVFTLLFQLCTFTKSTNSRIRASLPTTIAKNSVKSVAKLCLDAGINYVKSPKFSKLFTIAMWLLLLSICLGSLICVTAAFGVLLSNFGAPSYCNGVRELYLNSSNVTTMDFCEGSFPCSICLSGLDSLDSYPALETIQVTISSYKLDLTILGLAAEWVLAYMLFTKFFYLLGLSAIMQVFFGYFASHFISNSWLMWFIISIVQMAPVSAMVRMYIFFASFYYIWKSYVHIMDGCTSSTCMMCYKRNRATRVECTTIVNGMKRSFYVYANGGRGFCKTHNWNCLNCDTFCTGSTFISDEVARDLSLQFKRPINPTDQSSYIVDSVAVKNGALHLYFDKAGQKTYERHPLSHFVNLDNLRANNTKGSLPINVIVFDGKSKCDESASKSASVYYSQLMCQPILLLDQALVSDVGDSTEVSVKMFDAYVDTFSATFSVPMEKLKALVATAHSELAKGVALDGVLSTFVSAARQGVVDTDVDTKDVIECLKLSHHSDLEVTGDSCNNFMLTYNKVENMTPRDLGACIDCNARHINAQVAKSHNVSLIWNVKDYMSLSEQLRKQIRSAAKKNNIPFRLTCATTRQVVNVITTKISLKGGKIVSTCFKLMLKATLLCVLAALVCYIVMPVHTLSIHDGYTNEIIGYKAIQDGVTRDIISTDDCFANKHAGFDAWFSQRGGSYKNDKSCPVVAAIITREIGFIVPGLPGTVLRAINGDFLHFLPRVFSAVGNICYTPSKLIEYSDFATSACVLAAECTIFKDAMGKPVPYCYDTNLLEGSISYSELRPDTRYVLMDGSIIQFPNTYLEGSVRVVTTFDAEYCRHGTCERSEVGICLSTSGRWVLNNEHYRALSGVFCGVDAMNLIANIFTPLVQPVGALDVSASVVAGGIIAILVTCAAYYFMKFRRVFGEYNHVVAANALLFLMSFTILCLVPAYSFLPGVYSVFYLYLTFYFTNDVSFLAHLQWFAMFSPIVPFWITAIYVFCISLKHCHWFFNNYLRKRVMFNGVTFSTFEEAALCTFLLNKEMYLKLRSETLLPLTQYNRYLALYNKYKYFSGALDTTSYREAACCHLAKALNDFSNSGADVLYQPPQTSITSAVLQSGFRKMAFPSGKVEGCMVQVTCGTTTLNGLWLDDTVYCPRHVICTAEDMLNPNYEDLLIRKSNHSFLVQAGNVQLRVIGHSMQNCLLRLKVDTSNPKTPKYKFVRIQPGQTFSVLACYNGSPSGVYQCAMRPNHTIKGSFLNGSCGSVGFNIDYDCVSFCYMHHMELPTGVHAGTDLEGKFYGPFVDRQTAQAAGTDTTITLNVLAWLYAAVINGDRWFLNRFTTTLNDFNLVAMKYNYEPLTQDHVDILGPLSAQTGIAVLDMCAALKELLQNGMNGRTILGSTILEDEFTPFDVVRQCSGVTFQGKFKKIVKGTHHWMLLTFLTSLLILVQSTQWSLFFFVYENAFLPFTLGIMAIAACAMLLVKHKHAFLCLFLLPSLATVAYFNMVYMPASWVMRIMTWLELADTSLSGYRLKDCVMYASALVLLILMTARTVYDDAARRVWTLMNVITLVYKVYYGNALDQAISMWALVISVTSNYSGVVTTIMFLARAIVFVCVEYYPLLFITGNTLQCIMLVYCFLGYCCCCYFGLFCLLNRYFRLTLGVYDYLVSTQEFRYMNSQGLLPPKSSIDAFKLNIKLLGIGGKPCIKVATVQSKMSDVKCTSVVLLSVLQQLRVESSSKLWAQCVQLHNDILLAKDTTEAFEKMVSLLSVLLSMQGAVDINRLCEEMLDNRATLQAIASEFSSLPSYAAYATAQEAYEQAVANGDSEVVLKKLKKSLNVAKSEFDRDAAMQRKLEKMADQAMTQMYKQARSEDKRAKVTSAMQTMLFTMLRKLDNDALNNIINNARDGCVPLNIIPLTTAAKLMVVVPDYGTYKNTCDGNTFTYASALWEIQQVVDADSKIVQLSEINMDNSPNLAWPLIVTALRANSAVKLQNNELSPVALRQMSCAAGTTQTACTDDNALAYYNNSKGGRFVLALLSDHQDLKWARFPKSDGTGTIYTELEPPCRFVTDTPKGPKVKYLYFIKGLNNLNRGMVLGSLAATVRLQAGNATEVPANSTVLSFCAFAVDPAKAYKDYLASGGQPITNCVKMLCTHTGTGQAITVTPEANMDQESFGGASCCLYCRCHIDHPNPKGFCDLKGKYVQIPTTCANDPVGFTLRNTVCTVCGMWKGYGCSCDQLREPLMQSADASTFLNRVCGVSAARLTPCGTGTSTDVVYRAFDIYNEKVAGFAKFLKTNCCRFQEKDEEGNLLDSYFVVKRHTMSNYQHEETIYNLVKDCPAVAVHDFFKFRVDGDMVPHISRQRLTKYTMADLVYALRHFDEGNCDTLKEILVTYNCCDDDYFNKKDWYDFVENPDILRVYANLGERVRQSLLKTVQFCDAMRDAGIVGVLTLDNQDLNGNWYDFGDFVQVAPGCGVPIVDSYYSLLMPILTLTRALAAESHMDADLAKPLIKWDLLKYDFTEERLCLFDRYFKYWDQTYHPNCINCLDDRCILHCANFNVLFSTVFPPTSFGPLVRKIFVDGVPFVVSTGYHFRELGVVHNQDVNLHSSRLSFKELLVYAADPAMHAASGNLLLDKRTTCFSVAALTNNVAFQTVKPGNFNKDFYDFAVSKGFFKEGSSVELKHFFFAQDGNAAISDYDYYRYNLPTMCDIRQLLFVVEVVDKYFDCYDGGCINANQVIVNNLDKSAGFPFNKWGKARLYYDSMSYEDQDALFAYTKRNVIPTITQMNLKYAISAKNRARTVAGVSICSTMTNRQFHQKLLKSIAATRGATVVIGTSKFYGGWHNMLKTVYSDVETPHLMGWDYPKCDRAMPNMLRIMASLVLARKHNTCCNLSHRFYRLANECAQVLSEMVMCGGSLYVKPGGTSSGDATTAYANSVFNICQAVTANVNALLSTDGNKIADKYVRNLQHRLYECLYRNRDVDHEFVDEFYAYLRKHFSMMILSDDAVVCYNSNYAAQGLVASIKNFKAVLYYQNNVFMSEAKCWTETDLTKGPHEFCSQHTMLVKQGDDYVYLPYPDPSRILGAGCFVDDIVKTDGTLMIERFVSLAIDAYPLTKHPNQEYADVFHLYLQYIRKLHDELTGHMLDMYSVMLTNDNTSRYWEPEFYEAMYTPHTVLQAVGACVLCNSQTSLRCGACIRRPFLCCKCCYDHVISTSHKLVLSVNPYVCNAPGCDVTDVTQLYLGGMSYYCKSHKPPISFPLCANGQVFGLYKNTCVGSDNVTDFNAIATCDWTNAGDYILANTCTERLKLFAAETLKATEETFKLSYGIATVREVLSDRELHLSWEVGKPRPPLNRNYVFTGYRVTKNSKVQIGEYTFEKGDYGDAVVYRGTTTYKLNVGDYFVLTSHTVMPLSAPTLVPQEHYVRITGLYPTLNISDEFSSNVANYQKVGMQKYSTLQGPPGTGKSHFAIGLALYYPSARIVYTACSHAAVDALCEKALKYLPIDKCSRIIPARARVECFDKFKVNSTLEQYVFCTVNALPETTADIVVFDEISMATNYDLSVVNARLRAKHYVYIGDPAQLPAPRTLLTKGTLEPEYFNSVCRLMKTIGPDMFLGTCRRCPAEIVDTVSALVYDNKLKAHKDKSAQCFKMFYKGVITHDVSSAINRPQIGVVREFLTRNPAWRKAVFISPYNSQNAVASKILGLPTQTVDSSQGSEYDYVIFTQTTETAHSCNVNRFNVAITRAKIGILCIMSDRDLYDKLQFTSLEIPRRNVATLQAENVTGLFKDCSKIITGLHPTQAPTHLSVDIKFKTEGLCVDIPGIPKDMTYRRLISMMGFKMNYQVNGYPNMFITREEAIRHVRAWIGFDVEGCHATRDAVGTNLPLQLGFSTGVNLVAVPTGYVDTENNTEFTRVNAKPPPGDQFKHLIPLMYKGLPWNVVRIKIVQMLSDTLKGLSDRVVFVLWAHGFELTSMKYFVKIGPERTCCLCDKRATCFSTSSDTYACWNHSVGFDYVYNPFMIDVQQWGFTGNLQSNHDQHCQVHGNAHVASCDAIMTRCLAVHECFVKRVDWSVEYPIIGDELRVNSACRKVQHMVVKSALLADKFPVLHDIGNPKAIKCVPQAEVEWKFYDAQPCSDKAYKIEELFYSYATHHDKFTDGVCLFWNCNVDRYPANAIVCRFDTRVLSNLNLPGCDGGSLYVNKHAFHTPAFDKSAFTNLKQLPFFYYSDSPCESHGKQVVSDIDYVPLKSATCITRCNLGGAVCRHHANEYRQYLDAYNMMISAGFSLWIYKQFDTYNLWNTFTRLQSLENVAYNVVNKGHFDGHAGEAPVSIINNAVYTKVDGIDVEIFENKTTLPVNVAFELWAKRNIKPVPEIKILNNLGVDIAANTVIWDYKREAPAHVSTIGVCTMTDIAKKPTESACSSLTVLFDGRVEGQVDLFRNARNGVLITEGSVKGLTPSKGPAQASVNGVTLIGESVKTQFNYFKKVDGIIQQLPETYFTQSRDLEDFKPRSQMETDFLELAMDEFIQRYKLEGYAFEHIVYGDFSHGQLGGLHLMIGLAKRSQDSPLKLEDFIPMDSTVKNYFITDAQTGSSKCVCSVIDLLLDDFVEIIKSQDLSVISKVVKVTIDYAEISFMLWCKDGHVETFYPKLQASQAWQPGVAMPNLYKMQRMLLEKCDLQNYGENAVIPKGIMMNVAKYTQLCQYLNTLTLAVPYNMRVIHFGAGSDKGVAPGTAVLRQWLPTGTLLVDSDLNDFVSDADSTLIGDCATVHTANKWDLIISDMYDPRTKHVTKENDSKEGFFTYLCGFIKQKLALGGSIAVKITEHSWNADLYKLMGHFSWWTAFVTNVNASSSEAFLIGANYLGKPKEQIDGYTMHANYIFWRNTNPIQLSSYSLFDMSKFPLKLRGTAVMSLKENQINDMIYSLLEKGRLIIRENNRVVVSSDILVNN,14.90848159790039,0.1316666666666666,0,0.9999999999999972
O=C1C=C(O)C(=O)C(c2c[nH]c3cc(Cl)ccc23)=C1O,MIRAFAQPSTPPYQPLSSCLSEDTERKFKGKVVHEAQLNCFYISPGGSNYGSPRPAHANMNANAAAGLAPEHIPTPGAALSWLAAIDAARQAKLMGSAGNATISTVSSTQRKRQQYGKPKKQGGTTATRPPRALLCLTLKNPIRRACISIVEWKPFEIIILLTIFANCVALAIYIPFPEDDSNATNSNLERVEYLFLIIFTVEAFLKVIAYGLLFHPNAYLRNGWNLLDFIIVVVGLFSAILEQATKADGANALGGKGAGFDVKALRAFRVLRPLRLVSGVPSLQVVLNSIIKAMVPLLHIALLVLFVIIIYAIIGLELFMGKMHKTCYNQEGIIDVPAEEDPSPCALETGHGRQCQNGTVCKPGWDGPKHGITNFDNFAFAMLTVFQCITMEGWTDVLYWMQDAMGYELPWVYFVSLVIFGSFFVLNLVLGVLSGEFSKEREKAKARGDFQKLREKQQLEEDLKGYLDWITQAEDIDPENEDEGMDEDKPRNMSMPTSETESVNTENVAGGDIEGENCGARLAHRISKSKFSRYWRRWNRFCRRKCRAAVKSNVFYWLVIFLVFLNTLTIASEHYNQPHWLTEVQDTANKALLALFTAEMLLKMYSLGLQAYFVSLFNRFDCFIVCGGILETILVETKIMSPLGISCWRCVRLLRIFKITRYWNSLSNLVASLLNSLRSIASLLLLLFLFIIIFSLLGMQLFGGKFNFDEMQTRRSTFDNFPQSLLTVFQILTGEDWNSVMYDGIMAYGGPSFPGMLVCIYFIILFISPNYILLNLFLAIAVDNLADAESLTSAQKEEEEEKERKKLARTASPEKKQEVMEKPAVEESKEEKIELKSITADGESPPTTKINMDDLQPSENEDKSPHSNPDTAGEEDEEEPEMPVGPRPRPLSELHLKEKAVPMPEASAFFIFSPNNRFRLQCHRIVNDTIFTNLILFFILLSSISLAAEDPVQHTSFRNHILFYFDIVFTTIFTIEIALKMTAYGAFLHKGSFCRNYFNILDLLVVSVSLISFGIQSSAINVVKILRVLRVLRPLRINRAKGLKHVVQCVFVAIRTIGNIVIVTTLLQFMFACIGVQLFKGKLYTCSDSSKQTEAESKGNYITYKTGEVDHPIIQPRSWENSKFDFDNVLAAMMALFTVSTFEGWPELLYRSIDSHTEDKGPIYNYRVEISIFFIIYIIIIAFFMMNIFVGFVIVTFQEQGEQEYKNCELDKNQRQCVEYALKARPLPRYIPKNQHQYKVWYVVNSTYFEYLMFVLILLNTICLAMQHYGQSCLFKIAMNILNMLFTGLFTVEMILKLIAFKPKHYFCDAWNTFDALIVVGSIVDIAITEVHPAEHTQCSPSMSAEENSRISITFFRLFRVMRLVKLLSRGEGIRTLLWTFIKSFQALPYVALLIVMLFFIYAVIGMQVFGKIALNDTTEINRNNNFQTFPQAVLLLFRCATGEAWQDIMLACMPGKKCAPESEPSNSTEGETPCGSSFAVFYFISFYMLCAFLIINLFVAVIMDNFDYLTRDWSILGPHHLDEFKRIWAEYDPEAKGRIKHLDVVTLLRRIQPPLGFGKLCPHRVACKRLVSMNMPLNSDGTVMFNATLFALVRTALRIKTEGNLEQANEELRAIIKKIWKRTSMKLLDQVVPPAGDDEVTVGKFYATFLIQEYFRKFKKRKEQGLVGKPSQRNALSLQAGLRTLHDIGPEIRRAISGDLTAEEELDKAMKEAVSAASEDDIFRRAGGLFGNHVSYYQSDSRSNFPQTFATQRPLHINKTGNNQADTESPSHEKLVDSTFTPSSYSSTGSNANINNANNTALGRFPHPAGYSSTVSTVEGHGPPLSPAVRVQEAAWKLSSKRCHSRESQGATVSQDMFPDETRSSVRLSEEVEYCSEPSLLSTDILSYQDDENRQLTCLEEDKREIQPCPKRSFLRSASLGRRASFHLECLKRQKDQGGDISQKTALPLHLVHHQALAVAGLSPLLQRSHSPSTFPRPRPTPPVTPGSRGRPLQPIPTLRLEGAESSEKLNSSFPSIHCSSWSEETTACSGGSSMARRARPVSLTVPSQAGAPGRQFHGSASSLVEAVLISEGLGQFAQDPKFIEVTTQELADACDMTIEEMENAADNILSGGAQQSPNGTLLPFVNCRDPGQDRAVVPEDESCVYALGRGRSEEALPDSRSYVSNL,14.908162117004396,0.15,0,1.0
COc1cc(NC(=O)/C=C/c2c(O)cccc2[N+](=O)[O-])cc(OC)c1OC,MESLVLGVNEKTHVQLSLPVLQVRDVLVRGFGDSVEEALSEAREHLKNGTCGLVELEKGVLPQLEQPYVFIKRSDALSTNHGHKVVELVAEMDGIQYGRSGITLGVLVPHVGETPIAYRNVLLRKNGNKGAGGHSYGIDLKSYDLGDELGTDPIEDYEQNWNTKHGSGALRELTRELNGGAVTRYVDNNFCGPDGYPLDCIKDFLARAGKSMCTLSEQLDYIESKRGVYCCRDHEHEIAWFTERSDKSYEHQTPFEIKSAKKFDTFKGECPKFVFPLNSKVKVIQPRVEKKKTEGFMGRIRSVYPVASPQECNNMHLSTLMKCNHCDEVSWQTCDFLKATCEHCGTENLVIEGPTTCGYLPTNAVVKMPCPACQDPEIGPEHSVADYHNHSNIETRLRKGGRTRCFGGCVFAYVGCYNKRAYWVPRASADIGSGHTGITGDNVETLNEDLLEILSRERVNINIVGDFHLNEEVAIILASFSASTSAFIDTIKSLDYKSFKTIVESCGNYKVTKGKPVKGAWNIGQQRSVLTPLCGFPSQAAGVIRSIFARTLDAANHSIPDLQRAAVTILDGISEQSLRLVDAMVYTSDLLTNSVIIMAYVTGGLVQQTSQWLSNLLGTTVEKLRPIFEWIEAKLSAGVEFLKDAWEILKFLITGVFDIVKGQIQVASDNIKDCVKCFIDVVNKALEMCIDQVTIAGAKLRSLNLGEVFIAQSKGLYRQCIRGKEQLQLLMPLKAPKEVTFLEGDSHDTVLTSEEVVLKNGELEALETPVDSFTNGAIVGTPVCVNGLMLLEIKDKEQYCALSPGLLATNNVFRLKGGAPIKGVTFGEDTVWEVQGYKNVRITFELDERVDKVLNEKCSVYTVESGTEVTEFACVVAEAVVKTLQPVSDLLTNMGIDLDEWSVATFYLFDDAGEENFSSRMYCSFYPPDEEEEDDAECEEEEIDETCEHEYGTEDDYQGLPLEFGASAETVRVEEEEEEDWLDDTTEQSEIEPEPEPTPEEPVNQFTGYLKLTDNVAIKCVDIVKEAQSANPMVIVNAANIHLKHGGGVAGALNKATNGAMQKESDDYIKLNGPLTVGGSCLLSGHNLAKKCLHVVGPNLNAGEDIQLLKAAYENFNSQDILLAPLLSAGIFGAKPLQSLQVCVQTVRTQVYIAVNDKALYEQVVMDYLDNLKPRVEAPKQEEPPNTEDSKTEEKSVVQKPVDVKPKIKACIDEVTTTLEETKFLTNKLLLFADINGKLYHDSQNMLRGEDMSFLEKDAPYMVGDVITSGDITCVVIPSKKAGGTTEMLSRALKKVPVDEYITTYPGQGCAGYTLEEAKTALKKCKSAFYVLPSEAPNAKEEILGTVSWNLREMLAHAEETRKLMPICMDVRAIMATIQRKYKGIKIQEGIVDYGVRFFFYTSKEPVASIITKLNSLNEPLVTMPIGYVTHGFNLEEAARCMRSLKAPAVVSVSSPDAVTTYNGYLTSSSKTSEEHFVETVSLAGSYRDWSYSGQRTELGVEFLKRGDKIVYHTLESPVEFHLDGEVLSLDKLKSLLSLREVKTIKVFTTVDNTNLHTQLVDMSMTYGQQFGPTYLDGADVTKIKPHVNHEGKTFFVLPSDDTLRSEAFEYYHTLDESFLGRYMSALNHTKKWKFPQVGGLTSIKWADNNCYLSSVLLALQQLEVKFNAPALQEAYYRARAGDAANFCALILAYSNKTVGELGDVRETMTHLLQHANLESAKRVLNVVCKHCGQKTTTLTGVEAVMYMGTLSYDNLKTGVSIPCVCGRDATQYLVQQESSFVMMSAPPAEYKLQQGTFLCANEYTGNYQCGHYTHITAKETLYRIDGAHLTKMSEYKGPVTDVFYKETSYTTTIKPVSYKLDGVTYTEIEPKLDGYYKKDNAYYTEQPIDLVPTQPLPNASFDNFKLTCSNTKFADDLNQMTGFTKPASRELSVTFFPDLNGDVVAIDYRHYSASFKKGAKLLHKPIVWHINQATTKTTFKPNTWCLRCLWSTKPVDTSNSFEVLAVEDTQGMDNLACESQQPTSEEVVENPTIQKEVIECDVKTTEVVGNVILKPSDEGVKVTQELGHEDLMAAYVENTSITIKKPNELSLALGLKTIATHGIAAINSVPWSKILAYVKPFLGQAAITTSNCAKRLAQRVFNNYMPYVFTLLFQLCTFTKSTNSRIRASLPTTIAKNSVKSVAKLCLDAGINYVKSPKFSKLFTIAMWLLLLSICLGSLICVTAAFGVLLSNFGAPSYCNGVRELYLNSSNVTTMDFCEGSFPCSICLSGLDSLDSYPALETIQVTISSYKLDLTILGLAAEWVLAYMLFTKFFYLLGLSAIMQVFFGYFASHFISNSWLMWFIISIVQMAPVSAMVRMYIFFASFYYIWKSYVHIMDGCTSSTCMMCYKRNRATRVECTTIVNGMKRSFYVYANGGRGFCKTHNWNCLNCDTFCTGSTFISDEVARDLSLQFKRPINPTDQSSYIVDSVAVKNGALHLYFDKAGQKTYERHPLSHFVNLDNLRANNTKGSLPINVIVFDGKSKCDESASKSASVYYSQLMCQPILLLDQALVSDVGDSTEVSVKMFDAYVDTFSATFSVPMEKLKALVATAHSELAKGVALDGVLSTFVSAARQGVVDTDVDTKDVIECLKLSHHSDLEVTGDSCNNFMLTYNKVENMTPRDLGACIDCNARHINAQVAKSHNVSLIWNVKDYMSLSEQLRKQIRSAAKKNNIPFRLTCATTRQVVNVITTKISLKGGKIVSTCFKLMLKATLLCVLAALVCYIVMPVHTLSIHDGYTNEIIGYKAIQDGVTRDIISTDDCFANKHAGFDAWFSQRGGSYKNDKSCPVVAAIITREIGFIVPGLPGTVLRAINGDFLHFLPRVFSAVGNICYTPSKLIEYSDFATSACVLAAECTIFKDAMGKPVPYCYDTNLLEGSISYSELRPDTRYVLMDGSIIQFPNTYLEGSVRVVTTFDAEYCRHGTCERSEVGICLSTSGRWVLNNEHYRALSGVFCGVDAMNLIANIFTPLVQPVGALDVSASVVAGGIIAILVTCAAYYFMKFRRVFGEYNHVVAANALLFLMSFTILCLVPAYSFLPGVYSVFYLYLTFYFTNDVSFLAHLQWFAMFSPIVPFWITAIYVFCISLKHCHWFFNNYLRKRVMFNGVTFSTFEEAALCTFLLNKEMYLKLRSETLLPLTQYNRYLALYNKYKYFSGALDTTSYREAACCHLAKALNDFSNSGADVLYQPPQTSITSAVLQSGFRKMAFPSGKVEGCMVQVTCGTTTLNGLWLDDTVYCPRHVICTAEDMLNPNYEDLLIRKSNHSFLVQAGNVQLRVIGHSMQNCLLRLKVDTSNPKTPKYKFVRIQPGQTFSVLACYNGSPSGVYQCAMRPNHTIKGSFLNGSCGSVGFNIDYDCVSFCYMHHMELPTGVHAGTDLEGKFYGPFVDRQTAQAAGTDTTITLNVLAWLYAAVINGDRWFLNRFTTTLNDFNLVAMKYNYEPLTQDHVDILGPLSAQTGIAVLDMCAALKELLQNGMNGRTILGSTILEDEFTPFDVVRQCSGVTFQGKFKKIVKGTHHWMLLTFLTSLLILVQSTQWSLFFFVYENAFLPFTLGIMAIAACAMLLVKHKHAFLCLFLLPSLATVAYFNMVYMPASWVMRIMTWLELADTSLSGYRLKDCVMYASALVLLILMTARTVYDDAARRVWTLMNVITLVYKVYYGNALDQAISMWALVISVTSNYSGVVTTIMFLARAIVFVCVEYYPLLFITGNTLQCIMLVYCFLGYCCCCYFGLFCLLNRYFRLTLGVYDYLVSTQEFRYMNSQGLLPPKSSIDAFKLNIKLLGIGGKPCIKVATVQSKMSDVKCTSVVLLSVLQQLRVESSSKLWAQCVQLHNDILLAKDTTEAFEKMVSLLSVLLSMQGAVDINRLCEEMLDNRATLQAIASEFSSLPSYAAYATAQEAYEQAVANGDSEVVLKKLKKSLNVAKSEFDRDAAMQRKLEKMADQAMTQMYKQARSEDKRAKVTSAMQTMLFTMLRKLDNDALNNIINNARDGCVPLNIIPLTTAAKLMVVVPDYGTYKNTCDGNTFTYASALWEIQQVVDADSKIVQLSEINMDNSPNLAWPLIVTALRANSAVKLQNNELSPVALRQMSCAAGTTQTACTDDNALAYYNNSKGGRFVLALLSDHQDLKWARFPKSDGTGTIYTELEPPCRFVTDTPKGPKVKYLYFIKGLNNLNRGMVLGSLAATVRLQAGNATEVPANSTVLSFCAFAVDPAKAYKDYLASGGQPITNCVKMLCTHTGTGQAITVTPEANMDQESFGGASCCLYCRCHIDHPNPKGFCDLKGKYVQIPTTCANDPVGFTLRNTVCTVCGMWKGYGCSCDQLREPLMQSADASTFLNRVCGVSAARLTPCGTGTSTDVVYRAFDIYNEKVAGFAKFLKTNCCRFQEKDEEGNLLDSYFVVKRHTMSNYQHEETIYNLVKDCPAVAVHDFFKFRVDGDMVPHISRQRLTKYTMADLVYALRHFDEGNCDTLKEILVTYNCCDDDYFNKKDWYDFVENPDILRVYANLGERVRQSLLKTVQFCDAMRDAGIVGVLTLDNQDLNGNWYDFGDFVQVAPGCGVPIVDSYYSLLMPILTLTRALAAESHMDADLAKPLIKWDLLKYDFTEERLCLFDRYFKYWDQTYHPNCINCLDDRCILHCANFNVLFSTVFPPTSFGPLVRKIFVDGVPFVVSTGYHFRELGVVHNQDVNLHSSRLSFKELLVYAADPAMHAASGNLLLDKRTTCFSVAALTNNVAFQTVKPGNFNKDFYDFAVSKGFFKEGSSVELKHFFFAQDGNAAISDYDYYRYNLPTMCDIRQLLFVVEVVDKYFDCYDGGCINANQVIVNNLDKSAGFPFNKWGKARLYYDSMSYEDQDALFAYTKRNVIPTITQMNLKYAISAKNRARTVAGVSICSTMTNRQFHQKLLKSIAATRGATVVIGTSKFYGGWHNMLKTVYSDVETPHLMGWDYPKCDRAMPNMLRIMASLVLARKHNTCCNLSHRFYRLANECAQVLSEMVMCGGSLYVKPGGTSSGDATTAYANSVFNICQAVTANVNALLSTDGNKIADKYVRNLQHRLYECLYRNRDVDHEFVDEFYAYLRKHFSMMILSDDAVVCYNSNYAAQGLVASIKNFKAVLYYQNNVFMSEAKCWTETDLTKGPHEFCSQHTMLVKQGDDYVYLPYPDPSRILGAGCFVDDIVKTDGTLMIERFVSLAIDAYPLTKHPNQEYADVFHLYLQYIRKLHDELTGHMLDMYSVMLTNDNTSRYWEPEFYEAMYTPHTVLQAVGACVLCNSQTSLRCGACIRRPFLCCKCCYDHVISTSHKLVLSVNPYVCNAPGCDVTDVTQLYLGGMSYYCKSHKPPISFPLCANGQVFGLYKNTCVGSDNVTDFNAIATCDWTNAGDYILANTCTERLKLFAAETLKATEETFKLSYGIATVREVLSDRELHLSWEVGKPRPPLNRNYVFTGYRVTKNSKVQIGEYTFEKGDYGDAVVYRGTTTYKLNVGDYFVLTSHTVMPLSAPTLVPQEHYVRITGLYPTLNISDEFSSNVANYQKVGMQKYSTLQGPPGTGKSHFAIGLALYYPSARIVYTACSHAAVDALCEKALKYLPIDKCSRIIPARARVECFDKFKVNSTLEQYVFCTVNALPETTADIVVFDEISMATNYDLSVVNARLRAKHYVYIGDPAQLPAPRTLLTKGTLEPEYFNSVCRLMKTIGPDMFLGTCRRCPAEIVDTVSALVYDNKLKAHKDKSAQCFKMFYKGVITHDVSSAINRPQIGVVREFLTRNPAWRKAVFISPYNSQNAVASKILGLPTQTVDSSQGSEYDYVIFTQTTETAHSCNVNRFNVAITRAKIGILCIMSDRDLYDKLQFTSLEIPRRNVATLQAENVTGLFKDCSKIITGLHPTQAPTHLSVDIKFKTEGLCVDIPGIPKDMTYRRLISMMGFKMNYQVNGYPNMFITREEAIRHVRAWIGFDVEGCHATRDAVGTNLPLQLGFSTGVNLVAVPTGYVDTENNTEFTRVNAKPPPGDQFKHLIPLMYKGLPWNVVRIKIVQMLSDTLKGLSDRVVFVLWAHGFELTSMKYFVKIGPERTCCLCDKRATCFSTSSDTYACWNHSVGFDYVYNPFMIDVQQWGFTGNLQSNHDQHCQVHGNAHVASCDAIMTRCLAVHECFVKRVDWSVEYPIIGDELRVNSACRKVQHMVVKSALLADKFPVLHDIGNPKAIKCVPQAEVEWKFYDAQPCSDKAYKIEELFYSYATHHDKFTDGVCLFWNCNVDRYPANAIVCRFDTRVLSNLNLPGCDGGSLYVNKHAFHTPAFDKSAFTNLKQLPFFYYSDSPCESHGKQVVSDIDYVPLKSATCITRCNLGGAVCRHHANEYRQYLDAYNMMISAGFSLWIYKQFDTYNLWNTFTRLQSLENVAYNVVNKGHFDGHAGEAPVSIINNAVYTKVDGIDVEIFENKTTLPVNVAFELWAKRNIKPVPEIKILNNLGVDIAANTVIWDYKREAPAHVSTIGVCTMTDIAKKPTESACSSLTVLFDGRVEGQVDLFRNARNGVLITEGSVKGLTPSKGPAQASVNGVTLIGESVKTQFNYFKKVDGIIQQLPETYFTQSRDLEDFKPRSQMETDFLELAMDEFIQRYKLEGYAFEHIVYGDFSHGQLGGLHLMIGLAKRSQDSPLKLEDFIPMDSTVKNYFITDAQTGSSKCVCSVIDLLLDDFVEIIKSQDLSVISKVVKVTIDYAEISFMLWCKDGHVETFYPKLQASQAWQPGVAMPNLYKMQRMLLEKCDLQNYGENAVIPKGIMMNVAKYTQLCQYLNTLTLAVPYNMRVIHFGAGSDKGVAPGTAVLRQWLPTGTLLVDSDLNDFVSDADSTLIGDCATVHTANKWDLIISDMYDPRTKHVTKENDSKEGFFTYLCGFIKQKLALGGSIAVKITEHSWNADLYKLMGHFSWWTAFVTNVNASSSEAFLIGANYLGKPKEQIDGYTMHANYIFWRNTNPIQLSSYSLFDMSKFPLKLRGTAVMSLKENQINDMIYSLLEKGRLIIRENNRVVVSSDILVNN,14.886075019836426,0.1766666666666666,0,1.0
O=C1C=C(O)C(=O)C(c2c[nH]c3cc(Cl)ccc23)=C1O,MARSVLVPPGPDSFRFFTRESLAAIEQRIAEEKAKRPKQERKDEDDENGPKPNSDLEAGKSLPFIYGDIPPEMVSEPLEDLDPYYINKKTFIVLNKGKAISRFSATSALYILTPFNPIRKLAIKILVHSLFNVLIMCTILTNCVFMTMSNPPDWTKNVEYTFTGIYTFESLIKILARGFCLEDFTFLRNPWNWLDFTVITFAYVTEFVNLGNVSALRTFRVLRALKTISVIPGLKTIVGALIQSVKKLSDVMILTVFCLSVFALIGLQLFMGNLRNKCLQWPPDNSTFEINITSFFNNSLDWNGTAFNRTVNMFNWDEYIEDKSHFYFLEGQNDALLCGNSSDAGQCPEGYICVKAGRNPNYGYTSFDTFSWAFLSLFRLMTQDFWENLYQLTLRAAGKTYMIFFVLVIFLGSFYLINLILAVVAMAYEEQNQATLEEAEQKEAEFQQMLEQLKKQQEEAQAAAAAASAESRDFSGAGGIGVFSESSSVASKLSSKSEKELKNRRKKKKQKEQAGEEEKEDAVRKSASEDSIRKKGFQFSLEGSRLTYEKRFSSPHQSLLSIRGSLFSPRRNSRASLFNFKGRVKDIGSENDFADDEHSTFEDNDSRRDSLFVPHRHGERRPSNVSQASRASRGIPTLPMNGKMHSAVDCNGVVSLVGGPSALTSPVGQLLPEGTTTETEIRKRRSSSYHVSMDLLEDPSRQRAMSMASILTNTMEELEESRQKCPPCWYKFANMCLIWDCCKPWLKVKHVVNLVVMDPFVDLAITICIVLNTLFMAMEHYPMTEQFSSVLSVGNLVFTGIFTAEMFLKIIAMDPYYYFQEGWNIFDGFIVSLSLMELGLANVEGLSVLRSFRLLRVFKLAKSWPTLNMLIKIIGNSVGALGNLTLVLAIIVFIFAVVGMQLFGKSYKECVCKISNDCELPRWHMHHFFHSFLIVFRVLCGEWIETMWDCMEVAGQTMCLTVFMMVMVIGNLVVLNLFLALLLSSFSSDNLAATDDDNEMNNLQIAVGRMQKGIDFVKRKIREFIQKAFVRKQKALDEIKPLEDLNNKKDSCISNHTTIEIGKDLNYLKDGNGTTSGIGSSVEKYVVDESDYMSFINNPSLTVTVPIALGESDFENLNTEEFSSESDMEESKEKLNATSSSEGSTVDIGAPAEGEQPEAEPEESLEPEACFTEDCVRKFKCCQISIEEGKGKLWWNLRKTCYKIVEHNWFETFIVFMILLSSGALAFEDIYIEQRKTIKTMLEYADKVFTYIFILEMLLKWVAYGFQMYFTNAWCWLDFLIVDVSLVSLTANALGYSELGAIKSLRTLRALRPLRALSRFEGMRVVVNALLGAIPSIMNVLLVCLIFWLIFSIMGVNLFAGKFYHCINYTTGEMFDVSVVNNYSECQALIESNQTARWKNVKVNFDNVGLGYLSLLQVATFKGWMDIMYAAVDSRNVELQPKYEDNLYMYLYFVIFIIFGSFFTLNLFIGVIIDNFNQQKKKFGGQDIFMTEEQKKYYNAMKKLGSKKPQKPIPRPANKFQGMVFDFVTKQVFDISIMILICLNMVTMMVETDDQSQEMTNILYWINLVFIVLFTGECVLKLISLRHYYFTIGWNIFDFVVVILSIVGMFLAELIEKYFVSPTLFRVIRLARIGRILRLIKGAKGIRTLLFALMMSLPALFNIGLLLFLVMFIYAIFGMSNFAYVKREVGIDDMFNFETFGNSMICLFQITTSAGWDGLLAPILNSGPPDCDPEKDHPGSSVKGDCGNPSVGIFFFVSYIIISFLVVVNMYIAVILENFSVATEESAEPLSEDDFEMFYEVWEKFDPDATQFIEFCKLSDFAAALDPPLLIAKPNKVQLIAMDLPMVSGDRIHCLDILFAFTKRVLGESGEMDALRIQMEERFMASNPSKVSYEPITTTLKRKQEEVSAIVIQRAYRRYLLKQKVKKVSSIYKKDKGKEDEGTPIKEDIITDKLNENSTPEKTDVTPSTTSPPSYDSVTKPEKEKFEKDKSEKEDKGKDIRESKK,14.820055961608888,0.15,0,1.0
O=C1C=C(O)C(=O)C(c2c(C3CC3)[nH]c3ccccc23)=C1O,MIRAFAQPSTPPYQPLSSCLSEDTERKFKGKVVHEAQLNCFYISPGGSNYGSPRPAHANMNANAAAGLAPEHIPTPGAALSWLAAIDAARQAKLMGSAGNATISTVSSTQRKRQQYGKPKKQGGTTATRPPRALLCLTLKNPIRRACISIVEWKPFEIIILLTIFANCVALAIYIPFPEDDSNATNSNLERVEYLFLIIFTVEAFLKVIAYGLLFHPNAYLRNGWNLLDFIIVVVGLFSAILEQATKADGANALGGKGAGFDVKALRAFRVLRPLRLVSGVPSLQVVLNSIIKAMVPLLHIALLVLFVIIIYAIIGLELFMGKMHKTCYNQEGIIDVPAEEDPSPCALETGHGRQCQNGTVCKPGWDGPKHGITNFDNFAFAMLTVFQCITMEGWTDVLYWMQDAMGYELPWVYFVSLVIFGSFFVLNLVLGVLSGEFSKEREKAKARGDFQKLREKQQLEEDLKGYLDWITQAEDIDPENEDEGMDEDKPRNMSMPTSETESVNTENVAGGDIEGENCGARLAHRISKSKFSRYWRRWNRFCRRKCRAAVKSNVFYWLVIFLVFLNTLTIASEHYNQPHWLTEVQDTANKALLALFTAEMLLKMYSLGLQAYFVSLFNRFDCFIVCGGILETILVETKIMSPLGISCWRCVRLLRIFKITRYWNSLSNLVASLLNSLRSIASLLLLLFLFIIIFSLLGMQLFGGKFNFDEMQTRRSTFDNFPQSLLTVFQILTGEDWNSVMYDGIMAYGGPSFPGMLVCIYFIILFISPNYILLNLFLAIAVDNLADAESLTSAQKEEEEEKERKKLARTASPEKKQEVMEKPAVEESKEEKIELKSITADGESPPTTKINMDDLQPSENEDKSPHSNPDTAGEEDEEEPEMPVGPRPRPLSELHLKEKAVPMPEASAFFIFSPNNRFRLQCHRIVNDTIFTNLILFFILLSSISLAAEDPVQHTSFRNHILFYFDIVFTTIFTIEIALKMTAYGAFLHKGSFCRNYFNILDLLVVSVSLISFGIQSSAINVVKILRVLRVLRPLRINRAKGLKHVVQCVFVAIRTIGNIVIVTTLLQFMFACIGVQLFKGKLYTCSDSSKQTEAESKGNYITYKTGEVDHPIIQPRSWENSKFDFDNVLAAMMALFTVSTFEGWPELLYRSIDSHTEDKGPIYNYRVEISIFFIIYIIIIAFFMMNIFVGFVIVTFQEQGEQEYKNCELDKNQRQCVEYALKARPLPRYIPKNQHQYKVWYVVNSTYFEYLMFVLILLNTICLAMQHYGQSCLFKIAMNILNMLFTGLFTVEMILKLIAFKPKHYFCDAWNTFDALIVVGSIVDIAITEVHPAEHTQCSPSMSAEENSRISITFFRLFRVMRLVKLLSRGEGIRTLLWTFIKSFQALPYVALLIVMLFFIYAVIGMQVFGKIALNDTTEINRNNNFQTFPQAVLLLFRCATGEAWQDIMLACMPGKKCAPESEPSNSTEGETPCGSSFAVFYFISFYMLCAFLIINLFVAVIMDNFDYLTRDWSILGPHHLDEFKRIWAEYDPEAKGRIKHLDVVTLLRRIQPPLGFGKLCPHRVACKRLVSMNMPLNSDGTVMFNATLFALVRTALRIKTEGNLEQANEELRAIIKKIWKRTSMKLLDQVVPPAGDDEVTVGKFYATFLIQEYFRKFKKRKEQGLVGKPSQRNALSLQAGLRTLHDIGPEIRRAISGDLTAEEELDKAMKEAVSAASEDDIFRRAGGLFGNHVSYYQSDSRSNFPQTFATQRPLHINKTGNNQADTESPSHEKLVDSTFTPSSYSSTGSNANINNANNTALGRFPHPAGYSSTVSTVEGHGPPLSPAVRVQEAAWKLSSKRCHSRESQGATVSQDMFPDETRSSVRLSEEVEYCSEPSLLSTDILSYQDDENRQLTCLEEDKREIQPCPKRSFLRSASLGRRASFHLECLKRQKDQGGDISQKTALPLHLVHHQALAVAGLSPLLQRSHSPSTFPRPRPTPPVTPGSRGRPLQPIPTLRLEGAESSEKLNSSFPSIHCSSWSEETTACSGGSSMARRARPVSLTVPSQAGAPGRQFHGSASSLVEAVLISEGLGQFAQDPKFIEVTTQELADACDMTIEEMENAADNILSGGAQQSPNGTLLPFVNCRDPGQDRAVVPEDESCVYALGRGRSEEALPDSRSYVSNL,14.781055450439451,0.1316666666666666,0,0.9999999999999972
O=C1C=C(O)C(=O)C(c2c[nH]c3ccccc23)=C1O,MESLVLGVNEKTHVQLSLPVLQVRDVLVRGFGDSVEEALSEAREHLKNGTCGLVELEKGVLPQLEQPYVFIKRSDALSTNHGHKVVELVAEMDGIQYGRSGITLGVLVPHVGETPIAYRNVLLRKNGNKGAGGHSYGIDLKSYDLGDELGTDPIEDYEQNWNTKHGSGALRELTRELNGGAVTRYVDNNFCGPDGYPLDCIKDFLARAGKSMCTLSEQLDYIESKRGVYCCRDHEHEIAWFTERSDKSYEHQTPFEIKSAKKFDTFKGECPKFVFPLNSKVKVIQPRVEKKKTEGFMGRIRSVYPVASPQECNNMHLSTLMKCNHCDEVSWQTCDFLKATCEHCGTENLVIEGPTTCGYLPTNAVVKMPCPACQDPEIGPEHSVADYHNHSNIETRLRKGGRTRCFGGCVFAYVGCYNKRAYWVPRASADIGSGHTGITGDNVETLNEDLLEILSRERVNINIVGDFHLNEEVAIILASFSASTSAFIDTIKSLDYKSFKTIVESCGNYKVTKGKPVKGAWNIGQQRSVLTPLCGFPSQAAGVIRSIFARTLDAANHSIPDLQRAAVTILDGISEQSLRLVDAMVYTSDLLTNSVIIMAYVTGGLVQQTSQWLSNLLGTTVEKLRPIFEWIEAKLSAGVEFLKDAWEILKFLITGVFDIVKGQIQVASDNIKDCVKCFIDVVNKALEMCIDQVTIAGAKLRSLNLGEVFIAQSKGLYRQCIRGKEQLQLLMPLKAPKEVTFLEGDSHDTVLTSEEVVLKNGELEALETPVDSFTNGAIVGTPVCVNGLMLLEIKDKEQYCALSPGLLATNNVFRLKGGAPIKGVTFGEDTVWEVQGYKNVRITFELDERVDKVLNEKCSVYTVESGTEVTEFACVVAEAVVKTLQPVSDLLTNMGIDLDEWSVATFYLFDDAGEENFSSRMYCSFYPPDEEEEDDAECEEEEIDETCEHEYGTEDDYQGLPLEFGASAETVRVEEEEEEDWLDDTTEQSEIEPEPEPTPEEPVNQFTGYLKLTDNVAIKCVDIVKEAQSANPMVIVNAANIHLKHGGGVAGALNKATNGAMQKESDDYIKLNGPLTVGGSCLLSGHNLAKKCLHVVGPNLNAGEDIQLLKAAYENFNSQDILLAPLLSAGIFGAKPLQSLQVCVQTVRTQVYIAVNDKALYEQVVMDYLDNLKPRVEAPKQEEPPNTEDSKTEEKSVVQKPVDVKPKIKACIDEVTTTLEETKFLTNKLLLFADINGKLYHDSQNMLRGEDMSFLEKDAPYMVGDVITSGDITCVVIPSKKAGGTTEMLSRALKKVPVDEYITTYPGQGCAGYTLEEAKTALKKCKSAFYVLPSEAPNAKEEILGTVSWNLREMLAHAEETRKLMPICMDVRAIMATIQRKYKGIKIQEGIVDYGVRFFFYTSKEPVASIITKLNSLNEPLVTMPIGYVTHGFNLEEAARCMRSLKAPAVVSVSSPDAVTTYNGYLTSSSKTSEEHFVETVSLAGSYRDWSYSGQRTELGVEFLKRGDKIVYHTLESPVEFHLDGEVLSLDKLKSLLSLREVKTIKVFTTVDNTNLHTQLVDMSMTYGQQFGPTYLDGADVTKIKPHVNHEGKTFFVLPSDDTLRSEAFEYYHTLDESFLGRYMSALNHTKKWKFPQVGGLTSIKWADNNCYLSSVLLALQQLEVKFNAPALQEAYYRARAGDAANFCALILAYSNKTVGELGDVRETMTHLLQHANLESAKRVLNVVCKHCGQKTTTLTGVEAVMYMGTLSYDNLKTGVSIPCVCGRDATQYLVQQESSFVMMSAPPAEYKLQQGTFLCANEYTGNYQCGHYTHITAKETLYRIDGAHLTKMSEYKGPVTDVFYKETSYTTTIKPVSYKLDGVTYTEIEPKLDGYYKKDNAYYTEQPIDLVPTQPLPNASFDNFKLTCSNTKFADDLNQMTGFTKPASRELSVTFFPDLNGDVVAIDYRHYSASFKKGAKLLHKPIVWHINQATTKTTFKPNTWCLRCLWSTKPVDTSNSFEVLAVEDTQGMDNLACESQQPTSEEVVENPTIQKEVIECDVKTTEVVGNVILKPSDEGVKVTQELGHEDLMAAYVENTSITIKKPNELSLALGLKTIATHGIAAINSVPWSKILAYVKPFLGQAAITTSNCAKRLAQRVFNNYMPYVFTLLFQLCTFTKSTNSRIRASLPTTIAKNSVKSVAKLCLDAGINYVKSPKFSKLFTIAMWLLLLSICLGSLICVTAAFGVLLSNFGAPSYCNGVRELYLNSSNVTTMDFCEGSFPCSICLSGLDSLDSYPALETIQVTISSYKLDLTILGLAAEWVLAYMLFTKFFYLLGLSAIMQVFFGYFASHFISNSWLMWFIISIVQMAPVSAMVRMYIFFASFYYIWKSYVHIMDGCTSSTCMMCYKRNRATRVECTTIVNGMKRSFYVYANGGRGFCKTHNWNCLNCDTFCTGSTFISDEVARDLSLQFKRPINPTDQSSYIVDSVAVKNGALHLYFDKAGQKTYERHPLSHFVNLDNLRANNTKGSLPINVIVFDGKSKCDESASKSASVYYSQLMCQPILLLDQALVSDVGDSTEVSVKMFDAYVDTFSATFSVPMEKLKALVATAHSELAKGVALDGVLSTFVSAARQGVVDTDVDTKDVIECLKLSHHSDLEVTGDSCNNFMLTYNKVENMTPRDLGACIDCNARHINAQVAKSHNVSLIWNVKDYMSLSEQLRKQIRSAAKKNNIPFRLTCATTRQVVNVITTKISLKGGKIVSTCFKLMLKATLLCVLAALVCYIVMPVHTLSIHDGYTNEIIGYKAIQDGVTRDIISTDDCFANKHAGFDAWFSQRGGSYKNDKSCPVVAAIITREIGFIVPGLPGTVLRAINGDFLHFLPRVFSAVGNICYTPSKLIEYSDFATSACVLAAECTIFKDAMGKPVPYCYDTNLLEGSISYSELRPDTRYVLMDGSIIQFPNTYLEGSVRVVTTFDAEYCRHGTCERSEVGICLSTSGRWVLNNEHYRALSGVFCGVDAMNLIANIFTPLVQPVGALDVSASVVAGGIIAILVTCAAYYFMKFRRVFGEYNHVVAANALLFLMSFTILCLVPAYSFLPGVYSVFYLYLTFYFTNDVSFLAHLQWFAMFSPIVPFWITAIYVFCISLKHCHWFFNNYLRKRVMFNGVTFSTFEEAALCTFLLNKEMYLKLRSETLLPLTQYNRYLALYNKYKYFSGALDTTSYREAACCHLAKALNDFSNSGADVLYQPPQTSITSAVLQSGFRKMAFPSGKVEGCMVQVTCGTTTLNGLWLDDTVYCPRHVICTAEDMLNPNYEDLLIRKSNHSFLVQAGNVQLRVIGHSMQNCLLRLKVDTSNPKTPKYKFVRIQPGQTFSVLACYNGSPSGVYQCAMRPNHTIKGSFLNGSCGSVGFNIDYDCVSFCYMHHMELPTGVHAGTDLEGKFYGPFVDRQTAQAAGTDTTITLNVLAWLYAAVINGDRWFLNRFTTTLNDFNLVAMKYNYEPLTQDHVDILGPLSAQTGIAVLDMCAALKELLQNGMNGRTILGSTILEDEFTPFDVVRQCSGVTFQGKFKKIVKGTHHWMLLTFLTSLLILVQSTQWSLFFFVYENAFLPFTLGIMAIAACAMLLVKHKHAFLCLFLLPSLATVAYFNMVYMPASWVMRIMTWLELADTSLSGYRLKDCVMYASALVLLILMTARTVYDDAARRVWTLMNVITLVYKVYYGNALDQAISMWALVISVTSNYSGVVTTIMFLARAIVFVCVEYYPLLFITGNTLQCIMLVYCFLGYCCCCYFGLFCLLNRYFRLTLGVYDYLVSTQEFRYMNSQGLLPPKSSIDAFKLNIKLLGIGGKPCIKVATVQSKMSDVKCTSVVLLSVLQQLRVESSSKLWAQCVQLHNDILLAKDTTEAFEKMVSLLSVLLSMQGAVDINRLCEEMLDNRATLQAIASEFSSLPSYAAYATAQEAYEQAVANGDSEVVLKKLKKSLNVAKSEFDRDAAMQRKLEKMADQAMTQMYKQARSEDKRAKVTSAMQTMLFTMLRKLDNDALNNIINNARDGCVPLNIIPLTTAAKLMVVVPDYGTYKNTCDGNTFTYASALWEIQQVVDADSKIVQLSEINMDNSPNLAWPLIVTALRANSAVKLQNNELSPVALRQMSCAAGTTQTACTDDNALAYYNNSKGGRFVLALLSDHQDLKWARFPKSDGTGTIYTELEPPCRFVTDTPKGPKVKYLYFIKGLNNLNRGMVLGSLAATVRLQAGNATEVPANSTVLSFCAFAVDPAKAYKDYLASGGQPITNCVKMLCTHTGTGQAITVTPEANMDQESFGGASCCLYCRCHIDHPNPKGFCDLKGKYVQIPTTCANDPVGFTLRNTVCTVCGMWKGYGCSCDQLREPLMQSADASTFLNRVCGVSAARLTPCGTGTSTDVVYRAFDIYNEKVAGFAKFLKTNCCRFQEKDEEGNLLDSYFVVKRHTMSNYQHEETIYNLVKDCPAVAVHDFFKFRVDGDMVPHISRQRLTKYTMADLVYALRHFDEGNCDTLKEILVTYNCCDDDYFNKKDWYDFVENPDILRVYANLGERVRQSLLKTVQFCDAMRDAGIVGVLTLDNQDLNGNWYDFGDFVQVAPGCGVPIVDSYYSLLMPILTLTRALAAESHMDADLAKPLIKWDLLKYDFTEERLCLFDRYFKYWDQTYHPNCINCLDDRCILHCANFNVLFSTVFPPTSFGPLVRKIFVDGVPFVVSTGYHFRELGVVHNQDVNLHSSRLSFKELLVYAADPAMHAASGNLLLDKRTTCFSVAALTNNVAFQTVKPGNFNKDFYDFAVSKGFFKEGSSVELKHFFFAQDGNAAISDYDYYRYNLPTMCDIRQLLFVVEVVDKYFDCYDGGCINANQVIVNNLDKSAGFPFNKWGKARLYYDSMSYEDQDALFAYTKRNVIPTITQMNLKYAISAKNRARTVAGVSICSTMTNRQFHQKLLKSIAATRGATVVIGTSKFYGGWHNMLKTVYSDVETPHLMGWDYPKCDRAMPNMLRIMASLVLARKHNTCCNLSHRFYRLANECAQVLSEMVMCGGSLYVKPGGTSSGDATTAYANSVFNICQAVTANVNALLSTDGNKIADKYVRNLQHRLYECLYRNRDVDHEFVDEFYAYLRKHFSMMILSDDAVVCYNSNYAAQGLVASIKNFKAVLYYQNNVFMSEAKCWTETDLTKGPHEFCSQHTMLVKQGDDYVYLPYPDPSRILGAGCFVDDIVKTDGTLMIERFVSLAIDAYPLTKHPNQEYADVFHLYLQYIRKLHDELTGHMLDMYSVMLTNDNTSRYWEPEFYEAMYTPHTVLQAVGACVLCNSQTSLRCGACIRRPFLCCKCCYDHVISTSHKLVLSVNPYVCNAPGCDVTDVTQLYLGGMSYYCKSHKPPISFPLCANGQVFGLYKNTCVGSDNVTDFNAIATCDWTNAGDYILANTCTERLKLFAAETLKATEETFKLSYGIATVREVLSDRELHLSWEVGKPRPPLNRNYVFTGYRVTKNSKVQIGEYTFEKGDYGDAVVYRGTTTYKLNVGDYFVLTSHTVMPLSAPTLVPQEHYVRITGLYPTLNISDEFSSNVANYQKVGMQKYSTLQGPPGTGKSHFAIGLALYYPSARIVYTACSHAAVDALCEKALKYLPIDKCSRIIPARARVECFDKFKVNSTLEQYVFCTVNALPETTADIVVFDEISMATNYDLSVVNARLRAKHYVYIGDPAQLPAPRTLLTKGTLEPEYFNSVCRLMKTIGPDMFLGTCRRCPAEIVDTVSALVYDNKLKAHKDKSAQCFKMFYKGVITHDVSSAINRPQIGVVREFLTRNPAWRKAVFISPYNSQNAVASKILGLPTQTVDSSQGSEYDYVIFTQTTETAHSCNVNRFNVAITRAKIGILCIMSDRDLYDKLQFTSLEIPRRNVATLQAENVTGLFKDCSKIITGLHPTQAPTHLSVDIKFKTEGLCVDIPGIPKDMTYRRLISMMGFKMNYQVNGYPNMFITREEAIRHVRAWIGFDVEGCHATRDAVGTNLPLQLGFSTGVNLVAVPTGYVDTENNTEFTRVNAKPPPGDQFKHLIPLMYKGLPWNVVRIKIVQMLSDTLKGLSDRVVFVLWAHGFELTSMKYFVKIGPERTCCLCDKRATCFSTSSDTYACWNHSVGFDYVYNPFMIDVQQWGFTGNLQSNHDQHCQVHGNAHVASCDAIMTRCLAVHECFVKRVDWSVEYPIIGDELRVNSACRKVQHMVVKSALLADKFPVLHDIGNPKAIKCVPQAEVEWKFYDAQPCSDKAYKIEELFYSYATHHDKFTDGVCLFWNCNVDRYPANAIVCRFDTRVLSNLNLPGCDGGSLYVNKHAFHTPAFDKSAFTNLKQLPFFYYSDSPCESHGKQVVSDIDYVPLKSATCITRCNLGGAVCRHHANEYRQYLDAYNMMISAGFSLWIYKQFDTYNLWNTFTRLQSLENVAYNVVNKGHFDGHAGEAPVSIINNAVYTKVDGIDVEIFENKTTLPVNVAFELWAKRNIKPVPEIKILNNLGVDIAANTVIWDYKREAPAHVSTIGVCTMTDIAKKPTESACSSLTVLFDGRVEGQVDLFRNARNGVLITEGSVKGLTPSKGPAQASVNGVTLIGESVKTQFNYFKKVDGIIQQLPETYFTQSRDLEDFKPRSQMETDFLELAMDEFIQRYKLEGYAFEHIVYGDFSHGQLGGLHLMIGLAKRSQDSPLKLEDFIPMDSTVKNYFITDAQTGSSKCVCSVIDLLLDDFVEIIKSQDLSVISKVVKVTIDYAEISFMLWCKDGHVETFYPKLQASQAWQPGVAMPNLYKMQRMLLEKCDLQNYGENAVIPKGIMMNVAKYTQLCQYLNTLTLAVPYNMRVIHFGAGSDKGVAPGTAVLRQWLPTGTLLVDSDLNDFVSDADSTLIGDCATVHTANKWDLIISDMYDPRTKHVTKENDSKEGFFTYLCGFIKQKLALGGSIAVKITEHSWNADLYKLMGHFSWWTAFVTNVNASSSEAFLIGANYLGKPKEQIDGYTMHANYIFWRNTNPIQLSSYSLFDMSKFPLKLRGTAVMSLKENQINDMIYSLLEKGRLIIRENNRVVVSSDILVNN,14.745245933532717,0.1283333333333333,0,1.0
O=C1C=C(O)C(=O)C(c2c[nH]c3cc(Cl)ccc23)=C1O,MKSILDGLADTTFRTITTDLLYVGSNDIQYEDMKGDMASKLGYYPQKFPLSSFRGDPFQEKMTGGDDSLLSIIPSEQVNITEFYNKSLSTFKDNEENIQCGENFMDMECFMILNPSQQLAIAVLSLTLGTFTVLENLLVLCVILHSRSLRCRPSYHFIGSLAVADLLGSVIFVYSFVDFHVFHRKDSPNVFLFKLGGVTASFTASVGSLFLTAIDRYISIHRPLAYKRIVTRPKAVVAFCVMWTIAIVIAVLPLLGWNCKKLNSVCSDIFPLIDETYLMFWIGVTSILLLFIVYAYMYILWKAHSHAVRMLQRGTQKSIIIQSTEDGKVQITRPDQTRMDIRLAKTLVLILVVLIICWGPLLAIMVYDVFGKMNKLIKTIFAFCSMLCLLNSTVNPIIYALRSKDLRHAFRSMFPTCEGTAQPLDNSMESDCQHKHANNAGNVHRAAESCIKSTVKIAKVTMSVSTDTTAEAL,14.723827362060549,0.15,0,1.0
O=C1C=C(O)C(=O)C(c2c[nH]c3ccccc23)=C1O,MVNENTRMYIPEENHQGSNYGSPRPAHANMNANAAAGLAPEHIPTPGAALSWQAAIDAARQAKLMGSAGNATISTVSSTQRKRQQYGKPKKQGSTTATRPPRALLCLTLKNPIRRACISIVEWKPFEIIILLTIFANCVALAIYIPFPEDDSNATNSNLERVEYLFLIIFTVEAFLKVIAYGLLFHPNAYLRNGWNLLDFIIVVVGLFSAILEQATKADGANALGGKGAGFDVKALRAFRVLRPLRLVSGVPSLQVVLNSIIKAMVPLLHIALLVLFVIIIYAIIGLELFMGKMHKTCYNQEGIADVPAEDDPSPCALETGHGRQCQNGTVCKPGWDGPKHGITNFDNFAFAMLTVFQCITMEGWTDVLYWVNDAVGRDWPWIYFVTLIIIGSFFVLNLVLGVLSGEFSKEREKAKARGDFQKLREKQQLEEDLKGYLDWITQAEDIDPENEDEGMDEEKPRNMSMPTSETESVNTENVAGGDIEGENCGARLAHRISKSKFSRYWRRWNRFCRRKCRAAVKSNVFYWLVIFLVFLNTLTIASEHYNQPNWLTEVQDTANKALLALFTAEMLLKMYSLGLQAYFVSLFNRFDCFVVCGGILETILVETKIMSPLGISVLRCVRLLRIFKITRYWNSLSNLVASLLNSVRSIASLLLLLFLFIIIFSLLGMQLFGGKFNFDEMQTRRSTFDNFPQSLLTVFQILTGEDWNSVMYDGIMAYGGPSFPGMLVCIYFIILFICGNYILLNVFLAIAVDNLADAESLTSAQKEEEEEKERKKLARTASPEKKQELVEKPAVGESKEEKIELKSITADGESPPATKINMDDLQPNENEDKSPYPNPETTGEEDEEEPEMPVGPRPRPLSELHLKEKAVPMPEASAFFIFSSNNRFRLQCHRIVNDTIFTNLILFFILLSSISLAAEDPVQHTSFRNHILFYFDIVFTTIFTIEIALKILGNADYVFTSIFTLEIILKMTAYGAFLHKGSFCRNYFNILDLLVVSVSLISFGIQSSAINVVKILRVLRVLRPLRAINRAKGLKHVVQCVFVAIRTIGNIVIVTTLLQFMFACIGVQLFKGKLYTCSDSSKQTEAECKGNYITYKDGEVDHPIIQPRSWENSKFDFDNVLAAMMALFTVSTFEGWPELLYRSIDSHTEDKGPIYNYRVEISIFFIIYIIIIAFFMMNIFVGFVIVTFQEQGEQEYKNCELDKNQRQCVEYALKARPLRRYIPKNQHQYKVWYVVNSTYFEYLMFVLILLNTICLAMQHYGQSCLFKIAMNILNMLFTGLFTVEMILKLIAFKPKGYFSDPWNVFDFLIVIGSIIDVILSETNHYFCDAWNTFDALIVVGSIVDIAITEVNPAEHTQCSPSMNAEENSRISITFFRLFRVMRLVKLLSRGEGIRTLLWTFIKSFQALPYVALLIVMLFFIYAVIGMQVFGKIALNDTTEINRNNNFQTFPQAVLLLFRCATGEAWQDIMLACMPGKKCAPESEPSNSTEGETPCGSSFAVFYFISFYMLCAFLIINLFVAVIMDNFDYLTRDWSILGPHHLDEFKRIWAEYDPEAKGRIKHLDVVTLLRRIQPPLGFGKLCPHRVACKRLVSMNMPLNSDGTVMFNATLFALVRTALRIKTEGNLEQANEELRAIIKKIWKRTSMKLLDQVVPPAGDDEVTVGKFYATFLIQEYFRKFKKRKEQGLVGKPSQRNALSLQAGLRTLHDIGPEIRRAISGDLTAEEELDKAMKEAVSAASEDDIFRRAGGLFGNHVSYYQSDGRSAFPQTFTTQRPLHINKAGSSQGDTESPSHEKLVDSTFTPSSYSSTGSNANINNANNTALGRLPRPAGYPSTVSTVEGHGPPLSPAIRVQEVAWKLSSNRERHVPMCEDLELRRDSGSAGTQAHCLLLRKANPSRCHSRESQAAMAGQEETSQDETYEVKMNHDTEACSEPSLLSTEMLSYQDDENRQLTLPEEDKRDIRQSPKRGFLRSASLGRRASFHLECLKRQKDRGGDISQKTVLPLHLVHHQALAVAGLSPLLQRSHSPASFPRPFATPPATPGSRGWPPQPVPTLRLEGVESSEKLNSSFPSIHCGSWAETTPGGGGSSAARRVRPVSLMVPSQAGAPGRQFHGSASSLVEAVLISEGLGQFAQDPKFIEVTTQELADACDMTIEEMESAADNILSGGAPQSPNGALLPFVNCRDAGQDRAGGEEDAGCVRARGRPSEEELQDSRVYVSSL,14.717449188232422,0.1283333333333333,0,1.0
O=C1C=C(O)C(=O)C(c2c(C3CC3)[nH]c3ccccc23)=C1O,MARSVLVPPGPDSFRFFTRESLAAIEQRIAEEKAKRPKQERKDEDDENGPKPNSDLEAGKSLPFIYGDIPPEMVSEPLEDLDPYYINKKTFIVLNKGKAISRFSATSALYILTPFNPIRKLAIKILVHSLFNVLIMCTILTNCVFMTMSNPPDWTKNVEYTFTGIYTFESLIKILARGFCLEDFTFLRNPWNWLDFTVITFAYVTEFVNLGNVSALRTFRVLRALKTISVIPGLKTIVGALIQSVKKLSDVMILTVFCLSVFALIGLQLFMGNLRNKCLQWPPDNSTFEINITSFFNNSLDWNGTAFNRTVNMFNWDEYIEDKSHFYFLEGQNDALLCGNSSDAGQCPEGYICVKAGRNPNYGYTSFDTFSWAFLSLFRLMTQDFWENLYQLTLRAAGKTYMIFFVLVIFLGSFYLINLILAVVAMAYEEQNQATLEEAEQKEAEFQQMLEQLKKQQEEAQAAAAAASAESRDFSGAGGIGVFSESSSVASKLSSKSEKELKNRRKKKKQKEQAGEEEKEDAVRKSASEDSIRKKGFQFSLEGSRLTYEKRFSSPHQSLLSIRGSLFSPRRNSRASLFNFKGRVKDIGSENDFADDEHSTFEDNDSRRDSLFVPHRHGERRPSNVSQASRASRGIPTLPMNGKMHSAVDCNGVVSLVGGPSALTSPVGQLLPEGTTTETEIRKRRSSSYHVSMDLLEDPSRQRAMSMASILTNTMEELEESRQKCPPCWYKFANMCLIWDCCKPWLKVKHVVNLVVMDPFVDLAITICIVLNTLFMAMEHYPMTEQFSSVLSVGNLVFTGIFTAEMFLKIIAMDPYYYFQEGWNIFDGFIVSLSLMELGLANVEGLSVLRSFRLLRVFKLAKSWPTLNMLIKIIGNSVGALGNLTLVLAIIVFIFAVVGMQLFGKSYKECVCKISNDCELPRWHMHHFFHSFLIVFRVLCGEWIETMWDCMEVAGQTMCLTVFMMVMVIGNLVVLNLFLALLLSSFSSDNLAATDDDNEMNNLQIAVGRMQKGIDFVKRKIREFIQKAFVRKQKALDEIKPLEDLNNKKDSCISNHTTIEIGKDLNYLKDGNGTTSGIGSSVEKYVVDESDYMSFINNPSLTVTVPIALGESDFENLNTEEFSSESDMEESKEKLNATSSSEGSTVDIGAPAEGEQPEAEPEESLEPEACFTEDCVRKFKCCQISIEEGKGKLWWNLRKTCYKIVEHNWFETFIVFMILLSSGALAFEDIYIEQRKTIKTMLEYADKVFTYIFILEMLLKWVAYGFQMYFTNAWCWLDFLIVDVSLVSLTANALGYSELGAIKSLRTLRALRPLRALSRFEGMRVVVNALLGAIPSIMNVLLVCLIFWLIFSIMGVNLFAGKFYHCINYTTGEMFDVSVVNNYSECQALIESNQTARWKNVKVNFDNVGLGYLSLLQVATFKGWMDIMYAAVDSRNVELQPKYEDNLYMYLYFVIFIIFGSFFTLNLFIGVIIDNFNQQKKKFGGQDIFMTEEQKKYYNAMKKLGSKKPQKPIPRPANKFQGMVFDFVTKQVFDISIMILICLNMVTMMVETDDQSQEMTNILYWINLVFIVLFTGECVLKLISLRHYYFTIGWNIFDFVVVILSIVGMFLAELIEKYFVSPTLFRVIRLARIGRILRLIKGAKGIRTLLFALMMSLPALFNIGLLLFLVMFIYAIFGMSNFAYVKREVGIDDMFNFETFGNSMICLFQITTSAGWDGLLAPILNSGPPDCDPEKDHPGSSVKGDCGNPSVGIFFFVSYIIISFLVVVNMYIAVILENFSVATEESAEPLSEDDFEMFYEVWEKFDPDATQFIEFCKLSDFAAALDPPLLIAKPNKVQLIAMDLPMVSGDRIHCLDILFAFTKRVLGESGEMDALRIQMEERFMASNPSKVSYEPITTTLKRKQEEVSAIVIQRAYRRYLLKQKVKKVSSIYKKDKGKEDEGTPIKEDIITDKLNENSTPEKTDVTPSTTSPPSYDSVTKPEKEKFEKDKSEKEDKGKDIRESKK,14.71738624572754,0.1316666666666666,0,0.9999999999999972
O=C1C=C(O)C(=O)C(c2c[nH]c3cc(Cl)ccc23)=C1O,MKSILDGLADTTFRTITTDLLYVGSNDIQYEDIKGDMASKLGYFPQKFPLTSFRGSPFQEKMTAGDNSPLVPAGDTTNITEFYNKSLSSFKENEENIQCGENFMDMECFMILNPSQQLAIAVLSLTLGTFTVLENLLVLCVILHSRSLRCRPSYHFIGSLAVADLLGSVIFVYSFVDFHVFHRKDSPNVFLFKLGGVTASFTASVGSLFLTAIDRYISIHRPLAYKRIVTRPKAVVAFCLMWTIAIVIAVLPLLGWNCKKLQSVCSDIFPLIDETYLMFWIGVTSVLLLFIVYAYMYILWKAHSHAVRMIQRGTQKSIIIHTSEDGKVQVTRPDQARMDIRLAKTLVLILVVLIICWGPLLAIMVYDVFGKMNKLIKTVFAFCSMLCLLNSTVNPIIYALRSKDLRHAFRSMFPSCEGTAQPLDNSMGDSDCLHKHANNTASMHRAAESCIKSTVKIAKVTMSVSTDTSAEAL,14.70203971862793,0.15,0,1.0
COc1cc(NC(=O)/C=C/c2c(O)cccc2[N+](=O)[O-])cc(OC)c1OC,MAALSGGGGGGAEPGQALFNGDMEPEAGAGAGAAASSAADPAIPEEVWNIKQMIKLTQEHIEALLDKFGGEHNPPSIYLEAYEEYTSKLDALQQREQQLLESLGNGTDFSVSSSASMDTVTSSSSSSLSVLPSSLSVFQNPTDVARSNPKSPQKPIVRVFLPNKQRTVVPARCGVTVRDSLKKALMMRGLIPECCAVYRIQDGEKKPIGWDTDISWLTGEELHVEVLENVPLTTHNFVRKTFFTLAFCDFCRKLLFQGFRCQTCGYKFHQRCSTEVPLMCVNYDQLDLLFVSKFFEHHPIPQEEASLAETALTSGSSPSAPASDSIGPQILTSPSPSKSIPIPQPFRPADEDHRNQFGQRDRSSSAPNVHINTIEPVNIDDLIRDQGFRGDGGSTTGLSATPPASLPGSLTNVKALQKSPGPQRERKSSSSSEDRNRMKTLGRRDSSDDWEIPDGQITVGQRIGSGSFGTVYKGKWHGDVAVKMLNVTAPTPQQLQAFKNEVGVLRKTRHVNILLFMGYSTKPQLAIVTQWCEGSSLYHHLHIIETKFEMIKLIDIARQTAQGMDYLHAKSIIHRDLKSNNIFLHEDLTVKIGDFGLATVKSRWSGSHQFEQLSGSILWMAPEVIRMQDKNPYSFQSDVYAFGIVLYELMTGQLPYSNINNRDQIIFMVGRGYLSPDLSKVRSNCPKAMKRLMAECLKKKRDERPLFPQILASIELLARSLPKIHRSASEPSLNRAGFQTEDFSLYACASPKTPIQAGGYGAFPVH,14.638776779174805,0.1766666666666666,0,1.0
O=C1C=C(O)C(=O)C(c2c[nH]c3cc(Cl)ccc23)=C1O,MELPFASVGTTNFRRFTPESLAEIEKQIAAHRAAKKARTKHRGQEDKGEKPRPQLDLKACNQLPKFYGELPAELVGEPLEDLDPFYSTHRTFMVLNKSRTISRFSATWALWLFSPFNLIRRTAIKVSVHSWFSIFITITILVNCVCMTRTDLPEKVEYVFTVIYTFEALIKILARGFCLNEFTYLRDPWNWLDFSVITLAYVGAAIDLRGISGLRTFRVLRALKTVSVIPGLKVIVGALIHSVRKLADVTILTVFCLSVFALVGLQLFKGNLKNKCIRNGTDPHKADNLSSEMAEYIFIKPGTTDPLLCGNGSDAGHCPGGYVCLKTPDNPDFNYTSFDSFAWAFLSLFRLMTQDSWERLYQQTLRASGKMYMVFFVLVIFLGSFYLVNLILAVVTMAYEEQSQATIAEIEAKEKKFQEALEVLQKEQEVLAALGIDTTSLQSHSGSPLASKNANERRPRVKSRVSEGSTDDNRSPQSDPYNQRRMSFLGLSSGRRRASHGSVFHFRAPSQDISFPDGITDDGVFHGDQESRRGSILLGRGAGQTGPLPRSPLPQSPNPGRRHGEEGQLGVPTGELTAGAPEGPALDTTGQKSFLSAGYLNEPFRAQRAMSVVSIMTSVIEELEESKLKCPPCLISFAQKYLIWECCPKWRKFKMALFELVTDPFAELTITLCIVVNTVFMAMEHYPMTDAFDAMLQAGNIVFTVFFTMEMAFKIIAFDPYYYFQKKWNIFDCVIVTVSLLELSASKKGSLSVLRTFRLLRVFKLAKSWPTLNTLIKIIGNSVGALGNLTFILAIIVFIFALVGKQLLSEDYGCRKDGVSVWNGEKLRWHMCDFFHSFLVVFRILCGEWIENMWVCMEVSQKSICLILFLTVMVLGNLVVLNLFIALLLNSFSADNLTAPEDDGEVNNLQLALARIQVLGHRASRAIASYISSHCRFRWPKVETQLGMKPPLTSSEAKNHIATDAVSAAVGNLTKPALSSPKENHGDFITDPNVWVSVPIAEGESDLDELEEDMEQASQSSWQEEDPKGQQEQLPQVQKCENHQAARSPASMMSSEDLAPYLGESWKRKDSPQVPAEGVDDTSSSEGSTVDCPDPEEILRKIPELADDLDEPDDCFTEGCTRRCPCCNVNTSKSPWATGWQVRKTCYRIVEHSWFESFIIFMILLSSGALAFEDNYLEEKPRVKSVLEYTDRVFTFIFVFEMLLKWVAYGFKKYFTNAWCWLDFLIVNISLTSLIAKILEYSDVASIKALRTLRALRPLRALSRFEGMRVVVDALVGAIPSIMNVLLVCLIFWLIFSIMGVNLFAGKFSKCVDTRNNPFSNVNSTMVNNKSECHNQNSTGHFFWVNVKVNFDNVAMGYLALLQVATFKGWMDIMYAAVDSGEINSQPNWENNLYMYLYFVVFIIFGGFFTLNLFVGVIIDNFNQQKKKLGGQDIFMTEEQKKYYNAMKKLGSKKPQKPIPRPLNKYQGFVFDIVTRQAFDIIIMVLICLNMITMMVETDEQGEEKTKVLGRINQFFVAVFTGECVMKMFALRQYYFTNGWNVFDFIVVILSIGSLLFSAILKSLENYFSPTLFRVIRLARIGRILRLIRAAKGIRTLLFALMMSLPALFNIGLLLFLVMFIYSIFGMASFANVVDEAGIDDMFNFKTFGNSMLCLFQITTSAGWDGLLSPILNTGPPYCDPNLPNSNGSRGNCGSPAVGIIFFTTYIIISFLIVVNMYIAVILENFNVATEESTEPLSEDDFDMFYETWEKFDPEATQFIAFSALSDFADTLSGPLRIPKPNQNILIQMDLPLVPGDKIHCLDILFAFTKNVLGESGELDSLKTNMEEKFMATNLSKASYEPIATTLRWKQEDLSATVIQKAYRSYMLHRSLTLSNTLHVPRAEEDGVSLPGEGYVTFMANSGLPDKSETASATSFPPSYDSVTRGLSDRANINPSSSMQNEDEVAAKEGNSPGPQ,14.614606857299805,0.15,0,1.0
O=C1C=C(O)C(=O)C(c2c[nH]c3cc(Cl)ccc23)=C1O,MKSILDGLADTTFRTITTDLLYVGSNDIQYEDIKGDMASKLGYFPQKFPLTSFRGSPFQEKMTAGDNSPLVPAGDTTNITEFYNKSLSSFKENEDNIQCGENFMDMECFMILNPSQQLAIAVLSLTLGTFTVLENLLVLCVILHSRSLRCRPSYHFIGSLAVADLLGSVIFVYSFVDFHVFHRKDSPNVFLFKLGGVTASFTASVGSLFLTAIDRYISIHRPLAYKRIVTRPKAVVAFCLMWTIAIVIAVLPLLGWNCKKLQSVCSDIFPLIDETYLMFWIGVTSVLLLFIVYAYMYILWKAHSHAVRMIQRGTQKSIIIHTSEDGKVQVTRPDQARMDIRLAKTLVLILVVLIICWGPLLAIMVYDVFGKMNKLIKTVFAFCSMLCLLNSTVNPIIYALRSKDLRHAFRSMFPSCEGTAQPLDNSMGDSDCLHKHANNTASMHRAAESCIKSTVKIAKVTMSVSTDTSAEAL,14.590621948242188,0.15,0,1.0
CN(C)CCCN1C(=O)c2cccc3c([N+](=O)[O-])ccc(c23)C1=O,MESLVLGVNEKTHVQLSLPVLQVRDVLVRGFGDSVEEALSEAREHLKNGTCGLVELEKGVLPQLEQPYVFIKRSDALSTNHGHKVVELVAEMDGIQYGRSGITLGVLVPHVGETPIAYRNVLLRKNGNKGAGGHSYGIDLKSYDLGDELGTDPIEDYEQNWNTKHGSGALRELTRELNGGAVTRYVDNNFCGPDGYPLDCIKDFLARAGKSMCTLSEQLDYIESKRGVYCCRDHEHEIAWFTERSDKSYEHQTPFEIKSAKKFDTFKGECPKFVFPLNSKVKVIQPRVEKKKTEGFMGRIRSVYPVASPQECNNMHLSTLMKCNHCDEVSWQTCDFLKATCEHCGTENLVIEGPTTCGYLPTNAVVKMPCPACQDPEIGPEHSVADYHNHSNIETRLRKGGRTRCFGGCVFAYVGCYNKRAYWVPRASADIGSGHTGITGDNVETLNEDLLEILSRERVNINIVGDFHLNEEVAIILASFSASTSAFIDTIKSLDYKSFKTIVESCGNYKVTKGKPVKGAWNIGQQRSVLTPLCGFPSQAAGVIRSIFARTLDAANHSIPDLQRAAVTILDGISEQSLRLVDAMVYTSDLLTNSVIIMAYVTGGLVQQTSQWLSNLLGTTVEKLRPIFEWIEAKLSAGVEFLKDAWEILKFLITGVFDIVKGQIQVASDNIKDCVKCFIDVVNKALEMCIDQVTIAGAKLRSLNLGEVFIAQSKGLYRQCIRGKEQLQLLMPLKAPKEVTFLEGDSHDTVLTSEEVVLKNGELEALETPVDSFTNGAIVGTPVCVNGLMLLEIKDKEQYCALSPGLLATNNVFRLKGGAPIKGVTFGEDTVWEVQGYKNVRITFELDERVDKVLNEKCSVYTVESGTEVTEFACVVAEAVVKTLQPVSDLLTNMGIDLDEWSVATFYLFDDAGEENFSSRMYCSFYPPDEEEEDDAECEEEEIDETCEHEYGTEDDYQGLPLEFGASAETVRVEEEEEEDWLDDTTEQSEIEPEPEPTPEEPVNQFTGYLKLTDNVAIKCVDIVKEAQSANPMVIVNAANIHLKHGGGVAGALNKATNGAMQKESDDYIKLNGPLTVGGSCLLSGHNLAKKCLHVVGPNLNAGEDIQLLKAAYENFNSQDILLAPLLSAGIFGAKPLQSLQVCVQTVRTQVYIAVNDKALYEQVVMDYLDNLKPRVEAPKQEEPPNTEDSKTEEKSVVQKPVDVKPKIKACIDEVTTTLEETKFLTNKLLLFADINGKLYHDSQNMLRGEDMSFLEKDAPYMVGDVITSGDITCVVIPSKKAGGTTEMLSRALKKVPVDEYITTYPGQGCAGYTLEEAKTALKKCKSAFYVLPSEAPNAKEEILGTVSWNLREMLAHAEETRKLMPICMDVRAIMATIQRKYKGIKIQEGIVDYGVRFFFYTSKEPVASIITKLNSLNEPLVTMPIGYVTHGFNLEEAARCMRSLKAPAVVSVSSPDAVTTYNGYLTSSSKTSEEHFVETVSLAGSYRDWSYSGQRTELGVEFLKRGDKIVYHTLESPVEFHLDGEVLSLDKLKSLLSLREVKTIKVFTTVDNTNLHTQLVDMSMTYGQQFGPTYLDGADVTKIKPHVNHEGKTFFVLPSDDTLRSEAFEYYHTLDESFLGRYMSALNHTKKWKFPQVGGLTSIKWADNNCYLSSVLLALQQLEVKFNAPALQEAYYRARAGDAANFCALILAYSNKTVGELGDVRETMTHLLQHANLESAKRVLNVVCKHCGQKTTTLTGVEAVMYMGTLSYDNLKTGVSIPCVCGRDATQYLVQQESSFVMMSAPPAEYKLQQGTFLCANEYTGNYQCGHYTHITAKETLYRIDGAHLTKMSEYKGPVTDVFYKETSYTTTIKPVSYKLDGVTYTEIEPKLDGYYKKDNAYYTEQPIDLVPTQPLPNASFDNFKLTCSNTKFADDLNQMTGFTKPASRELSVTFFPDLNGDVVAIDYRHYSASFKKGAKLLHKPIVWHINQATTKTTFKPNTWCLRCLWSTKPVDTSNSFEVLAVEDTQGMDNLACESQQPTSEEVVENPTIQKEVIECDVKTTEVVGNVILKPSDEGVKVTQELGHEDLMAAYVENTSITIKKPNELSLALGLKTIATHGIAAINSVPWSKILAYVKPFLGQAAITTSNCAKRLAQRVFNNYMPYVFTLLFQLCTFTKSTNSRIRASLPTTIAKNSVKSVAKLCLDAGINYVKSPKFSKLFTIAMWLLLLSICLGSLICVTAAFGVLLSNFGAPSYCNGVRELYLNSSNVTTMDFCEGSFPCSICLSGLDSLDSYPALETIQVTISSYKLDLTILGLAAEWVLAYMLFTKFFYLLGLSAIMQVFFGYFASHFISNSWLMWFIISIVQMAPVSAMVRMYIFFASFYYIWKSYVHIMDGCTSSTCMMCYKRNRATRVECTTIVNGMKRSFYVYANGGRGFCKTHNWNCLNCDTFCTGSTFISDEVARDLSLQFKRPINPTDQSSYIVDSVAVKNGALHLYFDKAGQKTYERHPLSHFVNLDNLRANNTKGSLPINVIVFDGKSKCDESASKSASVYYSQLMCQPILLLDQALVSDVGDSTEVSVKMFDAYVDTFSATFSVPMEKLKALVATAHSELAKGVALDGVLSTFVSAARQGVVDTDVDTKDVIECLKLSHHSDLEVTGDSCNNFMLTYNKVENMTPRDLGACIDCNARHINAQVAKSHNVSLIWNVKDYMSLSEQLRKQIRSAAKKNNIPFRLTCATTRQVVNVITTKISLKGGKIVSTCFKLMLKATLLCVLAALVCYIVMPVHTLSIHDGYTNEIIGYKAIQDGVTRDIISTDDCFANKHAGFDAWFSQRGGSYKNDKSCPVVAAIITREIGFIVPGLPGTVLRAINGDFLHFLPRVFSAVGNICYTPSKLIEYSDFATSACVLAAECTIFKDAMGKPVPYCYDTNLLEGSISYSELRPDTRYVLMDGSIIQFPNTYLEGSVRVVTTFDAEYCRHGTCERSEVGICLSTSGRWVLNNEHYRALSGVFCGVDAMNLIANIFTPLVQPVGALDVSASVVAGGIIAILVTCAAYYFMKFRRVFGEYNHVVAANALLFLMSFTILCLVPAYSFLPGVYSVFYLYLTFYFTNDVSFLAHLQWFAMFSPIVPFWITAIYVFCISLKHCHWFFNNYLRKRVMFNGVTFSTFEEAALCTFLLNKEMYLKLRSETLLPLTQYNRYLALYNKYKYFSGALDTTSYREAACCHLAKALNDFSNSGADVLYQPPQTSITSAVLQSGFRKMAFPSGKVEGCMVQVTCGTTTLNGLWLDDTVYCPRHVICTAEDMLNPNYEDLLIRKSNHSFLVQAGNVQLRVIGHSMQNCLLRLKVDTSNPKTPKYKFVRIQPGQTFSVLACYNGSPSGVYQCAMRPNHTIKGSFLNGSCGSVGFNIDYDCVSFCYMHHMELPTGVHAGTDLEGKFYGPFVDRQTAQAAGTDTTITLNVLAWLYAAVINGDRWFLNRFTTTLNDFNLVAMKYNYEPLTQDHVDILGPLSAQTGIAVLDMCAALKELLQNGMNGRTILGSTILEDEFTPFDVVRQCSGVTFQGKFKKIVKGTHHWMLLTFLTSLLILVQSTQWSLFFFVYENAFLPFTLGIMAIAACAMLLVKHKHAFLCLFLLPSLATVAYFNMVYMPASWVMRIMTWLELADTSLSGYRLKDCVMYASALVLLILMTARTVYDDAARRVWTLMNVITLVYKVYYGNALDQAISMWALVISVTSNYSGVVTTIMFLARAIVFVCVEYYPLLFITGNTLQCIMLVYCFLGYCCCCYFGLFCLLNRYFRLTLGVYDYLVSTQEFRYMNSQGLLPPKSSIDAFKLNIKLLGIGGKPCIKVATVQSKMSDVKCTSVVLLSVLQQLRVESSSKLWAQCVQLHNDILLAKDTTEAFEKMVSLLSVLLSMQGAVDINRLCEEMLDNRATLQAIASEFSSLPSYAAYATAQEAYEQAVANGDSEVVLKKLKKSLNVAKSEFDRDAAMQRKLEKMADQAMTQMYKQARSEDKRAKVTSAMQTMLFTMLRKLDNDALNNIINNARDGCVPLNIIPLTTAAKLMVVVPDYGTYKNTCDGNTFTYASALWEIQQVVDADSKIVQLSEINMDNSPNLAWPLIVTALRANSAVKLQNNELSPVALRQMSCAAGTTQTACTDDNALAYYNNSKGGRFVLALLSDHQDLKWARFPKSDGTGTIYTELEPPCRFVTDTPKGPKVKYLYFIKGLNNLNRGMVLGSLAATVRLQAGNATEVPANSTVLSFCAFAVDPAKAYKDYLASGGQPITNCVKMLCTHTGTGQAITVTPEANMDQESFGGASCCLYCRCHIDHPNPKGFCDLKGKYVQIPTTCANDPVGFTLRNTVCTVCGMWKGYGCSCDQLREPLMQSADASTFLNRVCGVSAARLTPCGTGTSTDVVYRAFDIYNEKVAGFAKFLKTNCCRFQEKDEEGNLLDSYFVVKRHTMSNYQHEETIYNLVKDCPAVAVHDFFKFRVDGDMVPHISRQRLTKYTMADLVYALRHFDEGNCDTLKEILVTYNCCDDDYFNKKDWYDFVENPDILRVYANLGERVRQSLLKTVQFCDAMRDAGIVGVLTLDNQDLNGNWYDFGDFVQVAPGCGVPIVDSYYSLLMPILTLTRALAAESHMDADLAKPLIKWDLLKYDFTEERLCLFDRYFKYWDQTYHPNCINCLDDRCILHCANFNVLFSTVFPPTSFGPLVRKIFVDGVPFVVSTGYHFRELGVVHNQDVNLHSSRLSFKELLVYAADPAMHAASGNLLLDKRTTCFSVAALTNNVAFQTVKPGNFNKDFYDFAVSKGFFKEGSSVELKHFFFAQDGNAAISDYDYYRYNLPTMCDIRQLLFVVEVVDKYFDCYDGGCINANQVIVNNLDKSAGFPFNKWGKARLYYDSMSYEDQDALFAYTKRNVIPTITQMNLKYAISAKNRARTVAGVSICSTMTNRQFHQKLLKSIAATRGATVVIGTSKFYGGWHNMLKTVYSDVETPHLMGWDYPKCDRAMPNMLRIMASLVLARKHNTCCNLSHRFYRLANECAQVLSEMVMCGGSLYVKPGGTSSGDATTAYANSVFNICQAVTANVNALLSTDGNKIADKYVRNLQHRLYECLYRNRDVDHEFVDEFYAYLRKHFSMMILSDDAVVCYNSNYAAQGLVASIKNFKAVLYYQNNVFMSEAKCWTETDLTKGPHEFCSQHTMLVKQGDDYVYLPYPDPSRILGAGCFVDDIVKTDGTLMIERFVSLAIDAYPLTKHPNQEYADVFHLYLQYIRKLHDELTGHMLDMYSVMLTNDNTSRYWEPEFYEAMYTPHTVLQAVGACVLCNSQTSLRCGACIRRPFLCCKCCYDHVISTSHKLVLSVNPYVCNAPGCDVTDVTQLYLGGMSYYCKSHKPPISFPLCANGQVFGLYKNTCVGSDNVTDFNAIATCDWTNAGDYILANTCTERLKLFAAETLKATEETFKLSYGIATVREVLSDRELHLSWEVGKPRPPLNRNYVFTGYRVTKNSKVQIGEYTFEKGDYGDAVVYRGTTTYKLNVGDYFVLTSHTVMPLSAPTLVPQEHYVRITGLYPTLNISDEFSSNVANYQKVGMQKYSTLQGPPGTGKSHFAIGLALYYPSARIVYTACSHAAVDALCEKALKYLPIDKCSRIIPARARVECFDKFKVNSTLEQYVFCTVNALPETTADIVVFDEISMATNYDLSVVNARLRAKHYVYIGDPAQLPAPRTLLTKGTLEPEYFNSVCRLMKTIGPDMFLGTCRRCPAEIVDTVSALVYDNKLKAHKDKSAQCFKMFYKGVITHDVSSAINRPQIGVVREFLTRNPAWRKAVFISPYNSQNAVASKILGLPTQTVDSSQGSEYDYVIFTQTTETAHSCNVNRFNVAITRAKIGILCIMSDRDLYDKLQFTSLEIPRRNVATLQAENVTGLFKDCSKIITGLHPTQAPTHLSVDIKFKTEGLCVDIPGIPKDMTYRRLISMMGFKMNYQVNGYPNMFITREEAIRHVRAWIGFDVEGCHATRDAVGTNLPLQLGFSTGVNLVAVPTGYVDTENNTEFTRVNAKPPPGDQFKHLIPLMYKGLPWNVVRIKIVQMLSDTLKGLSDRVVFVLWAHGFELTSMKYFVKIGPERTCCLCDKRATCFSTSSDTYACWNHSVGFDYVYNPFMIDVQQWGFTGNLQSNHDQHCQVHGNAHVASCDAIMTRCLAVHECFVKRVDWSVEYPIIGDELRVNSACRKVQHMVVKSALLADKFPVLHDIGNPKAIKCVPQAEVEWKFYDAQPCSDKAYKIEELFYSYATHHDKFTDGVCLFWNCNVDRYPANAIVCRFDTRVLSNLNLPGCDGGSLYVNKHAFHTPAFDKSAFTNLKQLPFFYYSDSPCESHGKQVVSDIDYVPLKSATCITRCNLGGAVCRHHANEYRQYLDAYNMMISAGFSLWIYKQFDTYNLWNTFTRLQSLENVAYNVVNKGHFDGHAGEAPVSIINNAVYTKVDGIDVEIFENKTTLPVNVAFELWAKRNIKPVPEIKILNNLGVDIAANTVIWDYKREAPAHVSTIGVCTMTDIAKKPTESACSSLTVLFDGRVEGQVDLFRNARNGVLITEGSVKGLTPSKGPAQASVNGVTLIGESVKTQFNYFKKVDGIIQQLPETYFTQSRDLEDFKPRSQMETDFLELAMDEFIQRYKLEGYAFEHIVYGDFSHGQLGGLHLMIGLAKRSQDSPLKLEDFIPMDSTVKNYFITDAQTGSSKCVCSVIDLLLDDFVEIIKSQDLSVISKVVKVTIDYAEISFMLWCKDGHVETFYPKLQASQAWQPGVAMPNLYKMQRMLLEKCDLQNYGENAVIPKGIMMNVAKYTQLCQYLNTLTLAVPYNMRVIHFGAGSDKGVAPGTAVLRQWLPTGTLLVDSDLNDFVSDADSTLIGDCATVHTANKWDLIISDMYDPRTKHVTKENDSKEGFFTYLCGFIKQKLALGGSIAVKITEHSWNADLYKLMGHFSWWTAFVTNVNASSSEAFLIGANYLGKPKEQIDGYTMHANYIFWRNTNPIQLSSYSLFDMSKFPLKLRGTAVMSLKENQINDMIYSLLEKGRLIIRENNRVVVSSDILVNN,14.560230255126951,0.1472222222222222,0,1.0
O=C1C=C(O)C(=O)C(c2c[nH]c3cc(Cl)ccc23)=C1O,PYLGSNDIQYEDIKSDMASKLGYFPQKFPLTSFRGSPFQEKMTAGDNPQLVPADQVNITEFYNKSLSSYKENEENIQCGENFMDMECFMILNPSQQLAIAVLSLTLGTFTVLENLLVLCVILHSRSLRCRPSYHFIGSLAVADLLGSVIFVYSFVDFHVFHRKDSPNVFLFKLGGVTASFTASVGSLFLTAIDRYISIHRPLAYKRIVTRPKAVVAFCLMWTIAIVIAVLPLLGWNCKKLQSVCSDIFPLIDETYLMFWIGVTSVLLLFIVYAYMYILWKAHSHAVRMIQRGTQKSIIIHTSEDGKVQVTRPDQARMDIRLAKTLVLILVVLIICWGPLLAIMVYDVFGKMNKLIKTVFAFCSMLCLLNSTVNPIIYALRSKDLRHAFRSMFPSCE,14.54476547241211,0.15,0,1.0
O=C1C=C(O)C(=O)C(c2c[nH]c3cc(Cl)ccc23)=C1O,MAQSVLVPPGPDSFRFFTRESLAAIEQRIAEEKAKRPKQERKDEDDENGPKPNSDLEAGKSLPFIYGDIPPEMVSVPLEDLDPYYINKKTFIVLNKGKAISRFSATPALYILTPFNPIRKLAIKILVHSLFNMLIMCTILTNCVFMTMSNPPDWTKNVEYTFTGIYTFESLIKILARGFCLEDFTFLRDPWNWLDFTVITFAYVTEFVDLGNVSALRTFRVLRALKTISVIPGLKTIVGALIQSVKKLSDVMILTVFCLSVFALIGLQLFMGNLRNKCLQWPPDNSSFEINITSFFNNSLDGNGTTFNRTVSIFNWDEYIEDKSHFYFLEGQNDALLCGNSSDAGQCPEGYICVKAGRNPNYGYTSFDTFSWAFLSLFRLMTQDFWENLYQLTLRAAGKTYMIFFVLVIFLGSFYLINLILAVVAMAYEEQNQATLEEAEQKEAEFQQMLEQLKKQQEEAQAAAAAASAESRDFSGAGGIGVFSESSSVASKLSSKSEKELKNRRKKKKQKEQSGEEEKNDRVRKSESEDSIRRKGFRFSLEGSRLTYEKRFSSPHQSLLSIRGSLFSPRRNSRASLFSFRGRAKDIGSENDFADDEHSTFEDNDSRRDSLFVPHRHGERRHSNVSQASRASRVLPILPMNGKMHSAVDCNGVVSLVGGPSTLTSAGQLLPEGTTTETEIRKRRSSSYHVSMDLLEDPTSRQRAMSIASILTNTMEELEESRQKCPPCWYKFANMCLIWDCCKPWLKVKHLVNLVVMDPFVDLAITICIVLNTLFMAMEHYPMTEQFSSVLSVGNLVFTGIFTAEMFLKIIAMDPYYYFQEGWNIFDGFIVSLSLMELGLANVEGLSVLRSFRLLRVFKLAKSWPTLNMLIKIIGNSVGALGNLTLVLAIIVFIFAVVGMQLFGKSYKECVCKISNDCELPRWHMHDFFHSFLIVFRVLCGEWIETMWDCMEVAGQTMCLTVFMMVMVIGNLVVLNLFLALLLSSFSSDNLAATDDDNEMNNLQIAVGRMQKGIDFVKRKIREFIQKAFVRKQKALDEIKPLEDLNNKKDSCISNHTTIEIGKDLNYLKDGNGTTSGIGSSVEKYVVDESDYMSFINNPSLTVTVPIAVGESDFENLNTEEFSSESDMEESKEKLNATSSSEGSTVDIGAPAEGEQPEVEPEESLEPEACFTEDCVRKFKCCQISIEEGKGKLWWNLRKTCYKIVEHNWFETFIVFMILLSSGALAFEDIYIEQRKTIKTMLEYADKVFTYIFILEMLLKWVAYGFQVYFTNAWCWLDFLIVDVSLVSLTANALGYSELGAIKSLRTLRALRPLRALSRFEGMRVVVNALLGAIPSIMNVLLVCLIFWLIFSIMGVNLFAGKFYHCINYTTGEMFDVSVVNNYSECKALIESNQTARWKNVKVNFDNVGLGYLSLLQVATFKGWMDIMYAAVDSRNVELQPKYEDNLYMYLYFVIFIIFGSFFTLNLFIGVIIDNFNQQKKKFGGQDIFMTEEQKKYYNAMKKLGSKKPQKPIPRPANKFQGMVFDFVTKQVFDISIMILICLNMVTMMVETDDQSQEMTNILYWINLVFIVLFTGECVLKLISLRYYYFTIGWNIFDFVVVILSIVGMFLAELIEKYFVSPTLFRVIRLARIGRILRLIKGAKGIRTLLFALMMSLPALFNIGLLLFLVMFIYAIFGMSNFAYVKREVGIDDMFNFETFGNSMICLFQITTSAGWDGLLAPILNSGPPDCDPDKDHPGSSVKGDCGNPSVGIFFFVSYIIISFLVVVNMYIAVILENFSVATEESAEPLSEDDFEMFYEVWEKFDPDATQFIEFAKLSDFADALDPPLLIAKPNKVQLIAMDLPMVSGDRIHCLDILFAFTKRVLGESGEMDALRIQMEERFMASNPSKVSYEPITTTLKRKQEEVSAIIIQRAYRRYLLKQKVKKVSSIYKKDKGKECDGTPIKEDTLIDKLNENSTPEKTDMTPSTTSPPSYDSVTKPEKEKFEKDKSEKEDKGKDIRESKK,14.539114952087402,0.15,0,1.0
O=C1C=C(O)C(=O)C(c2c[nH]c3cc(Cl)ccc23)=C1O,MEVKLEEHFNKTFVTENNTAASQNTASPAWEDYRGTENNTSAARNTAFPVWEDYRGSVDDLQYFLIGLYTFVSLLGFMGNLLILMAVMKKRNQKTTVNFLIGNLAFSDILVVLFCSPFTLTSVLLDQWMFGKAMCHIMPFLQCVSVLVSTLILISIAIVRYHMIKHPISNNLTANHGYFLIATVWTLGFAICSPLPVFHSLVELKETFGSALLSSKYLCVESWPSDSYRIAFTISLLLVQYILPLVCLTVSHTSVCRSISCGLSHKENRLEENEMINLTLHPSKKSRDQAKPPSTQKWSYSFIRKHRRRYSKKTACVLPAPAGPSQEKHLTVPENPGSVRSQLSPSSKVIPGVPICFEVKPEESSDAQEMRVKRSLTRIKKRSRSVFYRLTILILVFAVSWMPLHVFHVVTDFNDNLISNRHFKLVYCICHLLGMMSCCLNPILYGFLNNGIKADLRALIHCLHMS,14.523624420166016,0.15,0,1.0
